F16,F16-A1,2026-10-05-S1,O,,2026-10-05T21:59:55.975522+00:00,2026-10-05T22:02:42.584164+00:00,166.608640153,166.608640153,0.000000000,0,0.000000000,,v2/work_logs/F16_2026-10-05_S1.md,"complete; O; Establish fresh F16 review record, source bindings and separate-reviewer contracts"
F16,F16-A1,2026-10-05-S1,O,,2026-10-05T22:02:42.584164+00:00,2026-10-05T22:02:42.625610+00:00,0.041445808,0.000000000,0.041445808,0,0.000000000,,v2/work_logs/F16_2026-10-05_S1.md,complete; tool_wait; Read definition sources before fresh principal mathematical reconstruction
F16,F16-A1,2026-10-05-S1,D,R,2026-10-05T22:02:42.625610+00:00,2026-10-05T22:04:01.357503+00:00,78.731892738,78.731892738,0.000000000,0,0.000000000,,v2/work_logs/F16_2026-10-05_S1.md,"complete; D; Reconstruct source, loss and comparison semantics from definitions; distinguish warrant from applicability"
F16,F16-A1,2026-10-05-S1,O,,2026-10-05T22:04:01.357503+00:00,2026-10-05T22:04:01.412238+00:00,0.054736122,0.000000000,0.054736122,0,0.000000000,,v2/work_logs/F16_2026-10-05_S1.md,complete; tool_wait; Read exact comparison and inference-rule definitions for fresh derivation
F16,F16-A1,2026-10-05-S1,D,R,2026-10-05T22:04:01.412238+00:00,2026-10-05T22:08:46.846749+00:00,285.434511080,285.434511080,0.000000000,0,0.000000000,,v2/work_logs/F16_2026-10-05_S1.md,"complete; D; Reconstruct native comparison induction, finite case quantifiers and unit conversion obligations"
F16,F16-A1,2026-10-05-S1,O,,2026-10-05T22:08:46.846749+00:00,2026-10-05T22:08:46.907297+00:00,0.060546562,0.000000000,0.060546562,0,0.000000000,,v2/work_logs/F16_2026-10-05_S1.md,complete; tool_wait; Read native completeness and public acceptance statements for comparison with saved fresh derivation
F16,F16-A1,2026-10-05-S1,D,R,2026-10-05T22:08:46.907297+00:00,2026-10-05T22:10:13.597417+00:00,86.690122505,86.690122505,0.000000000,0,0.000000000,,v2/work_logs/F16_2026-10-05_S1.md,"complete; D; Check max-min normalization, rational duality and successful-return scope against the fresh argument"
F16,F16-A1,2026-10-05-S1,O,,2026-10-05T22:10:13.597417+00:00,2026-10-05T22:10:13.635054+00:00,0.037634532,0.000000000,0.037634532,0,0.000000000,,v2/work_logs/F16_2026-10-05_S1.md,complete; tool_wait; Inspect max-min proof dependencies and replay contracts before extending the reconstruction
F16,F16-A1,2026-10-05-S1,D,R,2026-10-05T22:10:13.635054+00:00,2026-10-05T22:12:07.749612+00:00,114.114559428,114.114559428,0.000000000,0,0.000000000,,v2/work_logs/F16_2026-10-05_S1.md,"complete; D; Reconstruct exact replay envelopes, source substitution and the native max-min completeness dependency"
F16,F16-A1,2026-10-05-S1,O,,2026-10-05T22:12:07.749612+00:00,2026-10-05T22:12:07.795006+00:00,0.045392815,0.000000000,0.045392815,0,0.000000000,,v2/work_logs/F16_2026-10-05_S1.md,complete; tool_wait; Read finite disjoint-hinge construction and source transport definitions
F16,F16-A1,2026-10-05-S1,O,,2026-10-05T22:12:07.795006+00:00,2026-10-05T22:16:28.222283+00:00,260.427277521,0.000000000,0.000000000,0,260.427277521,,v2/work_logs/F16_2026-10-05_S1.md,complete; recovery_unobserved; Check noncircular positive-min instantiation and proof-relative source transport and withdrawal
F16,F16-A1,2026-10-05-S1,O,,2026-10-05T22:16:28.222283+00:00,2026-10-05T22:16:56.688806+00:00,28.466523843,0.000000000,0.000000000,0,28.466523843,,v2/work_logs/F16_2026-10-05_S1.md,complete; paused_recovery; Exclude context-recovery gap from the last observed transition; resume after inspecting durable state
F16,F16-A1,2026-10-05-S1,D,R,2026-10-05T22:16:56.688806+00:00,2026-10-05T22:20:15.868734+00:00,199.179927563,199.179927563,0.000000000,0,0.000000000,,v2/work_logs/F16_2026-10-05_S1.md,complete; D; Derive and compare the noncircular positive-min route and fixed-query revision completeness boundaries
F16,F16-A1,2026-10-05-S1,D,X,2026-10-05T22:20:15.868734+00:00,2026-10-05T22:20:16.184658+00:00,0.315924394,0.315924394,0.000000000,0,0.000000000,,v2/work_logs/F16_2026-10-05_S1.md,complete; D; Construct adaptive-selection and confidence-to-expectation countermodels; compare with the declared applicability contract
F16,F16-A1,2026-10-05-S1,O,,2026-10-05T22:20:16.184658+00:00,2026-10-05T22:20:17.106495+00:00,0.921835677,0.000000000,0.921835677,0,0.000000000,,v2/work_logs/F16_2026-10-05_S1.md,complete; tool_wait; Read existing adaptive applicability and expectation statements before comparison
F16,F16-A1,2026-10-05-S1,D,X,2026-10-05T22:20:17.106495+00:00,2026-10-05T22:21:09.507738+00:00,52.401243434,52.401243434,0.000000000,0,0.000000000,,v2/work_logs/F16_2026-10-05_S1.md,complete; D; Derive exact accepted-failure and stopping countermodels with the original confidence contract visible
F16,F16-A1,2026-10-05-S1,O,,2026-10-05T22:21:09.507738+00:00,2026-10-05T22:21:10.168408+00:00,0.660671754,0.000000000,0.660671754,0,0.000000000,,v2/work_logs/F16_2026-10-05_S1.md,complete; tool_wait; Read the precise existing probability and expectation claims for earliest-dependency comparison
F16,F16-A1,2026-10-05-S1,D,X,2026-10-05T22:21:10.168408+00:00,2026-10-05T22:23:33.873589+00:00,143.705179818,143.705179818,0.000000000,0,0.000000000,,v2/work_logs/F16_2026-10-05_S1.md,"complete; D; Prove exact countermodels and sufficient repairs for selection, stopping, branch-law drift and unbounded expected loss"
F16,F16-A1,2026-10-05-S1,L,X,2026-10-05T22:23:33.873589+00:00,2026-10-05T22:23:34.198735+00:00,0.325146518,0.325146518,0.000000000,0,0.000000000,,v2/work_logs/F16_2026-10-05_S1.md,complete; L; Read primary incremental abstraction-carrying code and optimal-recovery antecedents for precise contribution comparison
F16,F16-A1,2026-10-05-S1,O,,2026-10-05T22:23:34.198735+00:00,2026-10-05T22:23:35.370495+00:00,1.171760314,0.000000000,1.171760314,0,0.000000000,,v2/work_logs/F16_2026-10-05_S1.md,complete; tool_wait; Retrieve the two primary papers; retrieval wait is excluded
F16,F16-A1,2026-10-05-S1,L,X,2026-10-05T22:23:35.370495+00:00,2026-10-05T22:24:27.246041+00:00,51.875544336,51.875544336,0.000000000,0,0.000000000,,v2/work_logs/F16_2026-10-05_S1.md,"complete; L; Inspect primary ACC policy checks and retained dependency assumptions, and the optimal-recovery theorem hypotheses"
F16,F16-A1,2026-10-05-S1,O,,2026-10-05T22:24:27.246041+00:00,2026-10-05T22:24:28.994907+00:00,1.748865553,0.000000000,1.748865553,0,0.000000000,,v2/work_logs/F16_2026-10-05_S1.md,complete; tool_wait; Retrieve remaining ACC algorithm sections and the optimal-recovery theorem statement
F16,F16-A1,2026-10-05-S1,L,X,2026-10-05T22:24:28.994907+00:00,2026-10-05T22:25:26.665231+00:00,57.670325694,57.670325694,0.000000000,0,0.000000000,,v2/work_logs/F16_2026-10-05_S1.md,complete; L; Read ACC incremental receiving algorithm and retained-state tradeoffs; inspect the optimal-recovery model and theorem rather than titles alone
F16,F16-A1,2026-10-05-S1,O,,2026-10-05T22:25:26.665231+00:00,2026-10-05T22:25:27.988205+00:00,1.322973560,0.000000000,1.322973560,0,0.000000000,,v2/work_logs/F16_2026-10-05_S1.md,"complete; tool_wait; Read the primary theorem proof and final ACC receiving definition, and retrieve the closest Choquet identification sources"
F16,F16-A1,2026-10-05-S1,L,X,2026-10-05T22:25:27.988205+00:00,2026-10-05T22:26:47.444124+00:00,79.455918349,79.455918349,0.000000000,0,0.000000000,,v2/work_logs/F16_2026-10-05_S1.md,"complete; L; Read optimal-recovery dual certificate proof, ACC policy reception and the actually accessible Choquet identification material"
F16,F16-A1,2026-10-05-S1,O,,2026-10-05T22:26:47.444124+00:00,2026-10-05T22:26:50.222675+00:00,2.778552582,0.000000000,2.778552582,0,0.000000000,,v2/work_logs/F16_2026-10-05_S1.md,complete; tool_wait; Read the Choquet precursor definition and identification model and inspect the indexed journal section
F16,F16-A1,2026-10-05-S1,L,X,2026-10-05T22:26:50.222675+00:00,2026-10-05T22:27:08.632681+00:00,18.410003942,18.410003942,0.000000000,0,0.000000000,,v2/work_logs/F16_2026-10-05_S1.md,"complete; L; Inspect the Choquet definition, model class, constrained regression and the limited available journal identifiability section"
F16,F16-A1,2026-10-05-S1,O,,2026-10-05T22:27:08.632681+00:00,2026-10-05T22:27:10.246938+00:00,1.614258176,0.000000000,1.614258176,0,0.000000000,,v2/work_logs/F16_2026-10-05_S1.md,complete; tool_wait; Retrieve the substantive precursor sections and the delegated journal reference directly after an irrelevant indexed search
F16,F16-A1,2026-10-05-S1,L,X,2026-10-05T22:27:10.246938+00:00,2026-10-05T22:27:56.004992+00:00,45.758053648,45.758053648,0.000000000,0,0.000000000,,v2/work_logs/F16_2026-10-05_S1.md,"complete; L; Read the precursor identification equations and optimization scope, journal preview boundary and ACC theorem limitation"
F16,F16-A1,2026-10-05-S1,O,,2026-10-05T22:27:56.004992+00:00,2026-10-05T22:27:57.294736+00:00,1.289743657,0.000000000,1.289743657,0,0.000000000,,v2/work_logs/F16_2026-10-05_S1.md,complete; tool_wait; Retrieve the remaining precursor definition and record the exact unresolved journal identity
F16,F16-A1,2026-10-05-S1,L,X,2026-10-05T22:27:57.294736+00:00,2026-10-05T22:28:47.605233+00:00,50.310497690,50.310497690,0.000000000,0,0.000000000,,v2/work_logs/F16_2026-10-05_S1.md,complete; L; Read the full accessible Choquet precursor and compare what was actually inspected with the unresolved journal theorem scope
F16,F16-A1,2026-10-05-S1,O,,2026-10-05T22:28:47.605233+00:00,2026-10-05T22:28:50.026739+00:00,2.421507844,0.000000000,2.421507844,0,0.000000000,,v2/work_logs/F16_2026-10-05_S1.md,complete; tool_wait; One targeted primary indexed query for the named journal identifiability section
F16,F16-A1,2026-10-05-S1,L,X,2026-10-05T22:28:50.026739+00:00,2026-10-05T22:30:20.512221+00:00,90.485479695,90.485479695,0.000000000,0,0.000000000,,v2/work_logs/F16_2026-10-05_S1.md,complete; L; Record primary-source reading scope and unresolved exact theorem comparison without inferring absence
F16,F16-A1,2026-10-05-S1,D,R,2026-10-05T22:30:20.512221+00:00,2026-10-05T22:30:20.861837+00:00,0.349617114,0.349617114,0.000000000,0,0.000000000,,v2/work_logs/F16_2026-10-05_S1.md,complete; D; Reconstruct exact price-family ranks and approximation from the actual application definitions; derive the Choquet translation independently
F16,F16-A1,2026-10-05-S1,O,,2026-10-05T22:30:20.861837+00:00,2026-10-05T22:30:21.548168+00:00,0.686329930,0.000000000,0.686329930,0,0.000000000,,v2/work_logs/F16_2026-10-05_S1.md,complete; tool_wait; Read price-family definitions and theorem statements for principal algebraic reconstruction
F16,F16-A1,2026-10-05-S1,D,R,2026-10-05T22:30:21.548168+00:00,2026-10-05T22:31:54.801778+00:00,93.253819812,93.253819812,0.000000000,0,0.000000000,,v2/work_logs/F16_2026-10-05_S1.md,"complete; D; Derive the old-profile kernel, profile-family intersection, repair rank and the exact k=3 approximation geometry"
F16,F16-A1,2026-10-05-S1,O,,2026-10-05T22:31:54.801778+00:00,2026-10-05T22:31:55.504152+00:00,0.702164589,0.000000000,0.702164589,0,0.000000000,,v2/work_logs/F16_2026-10-05_S1.md,"complete; tool_wait; Read the continuation on minimax regret, side information, threshold margins and sampled repair"
F16,F16-A1,2026-10-05-S1,D,R,2026-10-05T22:31:55.504152+00:00,2026-10-05T22:35:52.214061+00:00,236.709909546,236.709909546,0.000000000,0,0.000000000,,v2/work_logs/F16_2026-10-05_S1.md,"complete; D; Check approximate and threshold consumers against the exact kernel, including the lower bound and sampling assumptions"
F16,F16-A1,2026-10-05-S1,D,R,2026-10-05T22:35:52.214061+00:00,2026-10-05T22:35:52.545602+00:00,0.331539891,0.331539891,0.000000000,0,0.000000000,,v2/work_logs/F16_2026-10-05_S1.md,"complete; D; Reconstruct source-coordinate preservation, theory reflection, graded withdrawal and geometric transfer boundaries"
F16,F16-A1,2026-10-05-S1,O,,2026-10-05T22:35:52.545602+00:00,2026-10-05T22:35:53.265410+00:00,0.719807819,0.000000000,0.719807819,0,0.000000000,,v2/work_logs/F16_2026-10-05_S1.md,complete; tool_wait; Read source-map and geometric theorem statements and proof obligations
F16,F16-A1,2026-10-05-S1,D,R,2026-10-05T22:35:53.265410+00:00,2026-10-05T22:37:52.608863+00:00,119.343453440,119.343453440,0.000000000,0,0.000000000,,v2/work_logs/F16_2026-10-05_S1.md,"complete; D; Derive source-image inclusion and reflection with CPWA separators, then test penalty and report geometry assumptions"
F16,F16-A1,2026-10-05-S1,O,,2026-10-05T22:37:52.608863+00:00,2026-10-05T22:37:53.290400+00:00,0.681538579,0.000000000,0.681538579,0,0.000000000,,v2/work_logs/F16_2026-10-05_S1.md,complete; tool_wait; Read source-strength characteristic terms and the finite-fault dependence statements for reconstruction
F16,F16-A1,2026-10-05-S1,D,R,2026-10-05T22:37:53.290400+00:00,2026-10-05T22:47:13.148524+00:00,559.858126692,559.858126692,0.000000000,0,0.000000000,,v2/work_logs/F16_2026-10-05_S1.md,complete; D; Reconstruct source-strength direction and shared-source fault envelopes without treating dependent arguments as independent evidence
F16,F16-A1,2026-10-05-S1,O,,2026-10-05T22:47:13.148524+00:00,2026-10-05T22:47:13.848070+00:00,0.699541460,0.000000000,0.699541460,0,0.000000000,,v2/work_logs/F16_2026-10-05_S1.md,complete; tool_wait; Inspect frozen-manifest membership and affected coherence statements before choosing the correction path
F16,F16-A1,2026-10-05-S1,O,,2026-10-05T22:47:13.848070+00:00,2026-10-05T22:51:00.563064+00:00,226.714994336,0.000000000,0.000000000,0,226.714994336,,v2/work_logs/F16_2026-10-05_S1.md,complete; recovery_unobserved; Prove the k=3 coherent-center result and determine its exact consequences without changing the frozen experimental claim
F16,F16-A1,2026-10-05-S1,O,,2026-10-05T22:51:00.563064+00:00,2026-10-05T22:51:26.335760+00:00,25.772696461,0.000000000,0.000000000,0,25.772696461,,v2/work_logs/F16_2026-10-05_S1.md,complete; paused_recovery; Recovery boundary after context compaction; exclude unobserved open interval
F16,F16-A1,2026-10-05-S1,D,X,2026-10-05T22:51:26.335760+00:00,2026-10-05T23:04:28.115797+00:00,781.780037590,781.780037590,0.000000000,0,0.000000000,,v2/work_logs/F16_2026-10-05_S1.md,complete; D; Reconstruct coherent k=3 decoder and limits of its extension; resolve the precise A1 interpretation correction
F16,F16-A1,2026-10-05-S1,E,X,2026-10-05T23:04:28.115797+00:00,2026-10-05T23:08:53.000881+00:00,264.885082826,264.885082826,0.000000000,0,0.000000000,,v2/work_logs/F16_2026-10-05_S1.md,"complete; E; Implement bounded exact checks of the F16 coherent-decoder correction and proposed extension, using mathematical fixtures only"
F16,F16-A1,2026-10-05-S1,O,,2026-10-05T23:08:53.000881+00:00,2026-10-05T23:08:54.270937+00:00,1.270059531,0.000000000,1.270059531,0,0.000000000,,v2/work_logs/F16_2026-10-05_S1.md,complete; tool_wait; Blocked wait for bounded F16 exact mathematical verification; no frozen stages
F16,F16-A1,2026-10-05-S1,D,X,2026-10-05T23:08:54.270937+00:00,2026-10-05T23:11:16.283062+00:00,142.012122286,142.012122286,0.000000000,0,0.000000000,,v2/work_logs/F16_2026-10-05_S1.md,complete; D; Review the independently audited general decoder statement and its exact consumer boundaries while the separate mathematical process runs
F16,F16-A1,2026-10-05-S1,E,X,2026-10-05T23:11:16.283062+00:00,2026-10-05T23:12:54.302483+00:00,98.019420895,98.019420895,0.000000000,0,0.000000000,,v2/work_logs/F16_2026-10-05_S1.md,"complete; E; Interpret the exact mathematical verification, including nonexchangeable coverage and distinction between candidate checks and proof"
F16,F16-A1,2026-10-05-S1,D,X,2026-10-05T23:12:54.302483+00:00,2026-10-05T23:22:35.050885+00:00,580.748401523,580.748401523,0.000000000,0,0.000000000,,v2/work_logs/F16_2026-10-05_S1.md,complete; D; Complete the coherent-decoder statement and derive a same-model counterexample for additional convex source restrictions
F16,F16-A1,2026-10-05-S1,L,R,2026-10-05T23:22:35.050885+00:00,2026-10-05T23:22:35.091773+00:00,0.040918155,0.040918155,0.000000000,0,0.000000000,,v2/work_logs/F16_2026-10-05_S1.md,complete; L; Check the new coherent-center contribution against established optimal-recovery work and its current-source limits
F16,F16-A1,2026-10-05-S1,O,,2026-10-05T23:22:35.091773+00:00,2026-10-05T23:22:38.988998+00:00,3.897195401,0.000000000,3.897195401,0,0.000000000,,v2/work_logs/F16_2026-10-05_S1.md,complete; tool_wait; Await primary-source search for coherent and constrained optimal recovery
F16,F16-A1,2026-10-05-S1,L,R,2026-10-05T23:22:38.988998+00:00,2026-10-05T23:22:56.382459+00:00,17.393460569,17.393460569,0.000000000,0,0.000000000,,v2/work_logs/F16_2026-10-05_S1.md,complete; L; Read and classify primary-source results for constrained optimal recovery and the compatible-law output requirement
F16,F16-A1,2026-10-05-S1,O,,2026-10-05T23:22:56.382459+00:00,2026-10-05T23:22:58.502674+00:00,2.120215573,0.000000000,2.120215573,0,0.000000000,,v2/work_logs/F16_2026-10-05_S1.md,complete; tool_wait; Await targeted primary-source searches after broad terminology produced irrelevant quantum results
F16,F16-A1,2026-10-05-S1,L,R,2026-10-05T23:22:58.502674+00:00,2026-10-05T23:23:28.464865+00:00,29.962189893,29.962189893,0.000000000,0,0.000000000,,v2/work_logs/F16_2026-10-05_S1.md,complete; L; Read the primary optimal-recovery theorem and targeted references to constrained centers
F16,F16-A1,2026-10-05-S1,O,,2026-10-05T23:23:28.464865+00:00,2026-10-05T23:23:29.922976+00:00,1.458111777,0.000000000,1.458111777,0,0.000000000,,v2/work_logs/F16_2026-10-05_S1.md,complete; tool_wait; Await primary publisher and author pages for the closest constrained-center algorithm
F16,F16-A1,2026-10-05-S1,L,R,2026-10-05T23:23:29.922976+00:00,2026-10-05T23:23:55.820211+00:00,25.897235546,25.897235546,0.000000000,0,0.000000000,,v2/work_logs/F16_2026-10-05_S1.md,complete; L; Inspect primary algorithm scope and locate its full proof source before assessing overlap
F16,F16-A1,2026-10-05-S1,O,,2026-10-05T23:23:55.820211+00:00,2026-10-05T23:23:58.532216+00:00,2.712004267,0.000000000,2.712004267,0,0.000000000,,v2/work_logs/F16_2026-10-05_S1.md,complete; tool_wait; Await a full primary preprint of the constrained-center algorithm and a relevant author-hosted comparison
F16,F16-A1,2026-10-05-S1,L,R,2026-10-05T23:23:58.532216+00:00,2026-10-05T23:24:24.780962+00:00,26.248745788,26.248745788,0.000000000,0,0.000000000,,v2/work_logs/F16_2026-10-05_S1.md,complete; L; Read the retrieved primary abstracts and precise optimality definitions; retain failed publisher retrievals as limitations
F16,F16-A1,2026-10-05-S1,O,,2026-10-05T23:24:24.780962+00:00,2026-10-05T23:24:26.133273+00:00,1.352310197,0.000000000,1.352310197,0,0.000000000,,v2/work_logs/F16_2026-10-05_S1.md,complete; tool_wait; Await primary full-text sections on vector recovery and relative Chebyshev centers
F16,F16-A1,2026-10-05-S1,L,R,2026-10-05T23:24:26.133273+00:00,2026-10-05T23:24:49.948043+00:00,23.814771601,23.814771601,0.000000000,0,0.000000000,,v2/work_logs/F16_2026-10-05_S1.md,"complete; L; Read retrieved definitions and theorem scope, separating consistent-object recovery from unrestricted query prediction"
F16,F16-A1,2026-10-05-S1,O,,2026-10-05T23:24:49.948043+00:00,2026-10-05T23:24:51.449638+00:00,1.501593897,0.000000000,1.501593897,0,0.000000000,,v2/work_logs/F16_2026-10-05_S1.md,complete; tool_wait; Await the probability-vector recovery statement and author preprint link
F16,F16-A1,2026-10-05-S1,L,R,2026-10-05T23:24:51.449638+00:00,2026-10-05T23:25:34.401492+00:00,42.951854555,42.951854555,0.000000000,0,0.000000000,,v2/work_logs/F16_2026-10-05_S1.md,complete; L; Compare the probability-vector paper’s target space and relative-center optimality conditions with the F16 admissible-law output contract
F16,F16-A1,2026-10-05-S1,O,,2026-10-05T23:25:34.401492+00:00,2026-10-05T23:25:35.707260+00:00,1.305768433,0.000000000,1.305768433,0,0.000000000,,v2/work_logs/F16_2026-10-05_S1.md,complete; tool_wait; Await exact primary theorem text and the documented arXiv link
F16,F16-A1,2026-10-05-S1,L,R,2026-10-05T23:25:35.707260+00:00,2026-10-05T23:26:30.793110+00:00,55.085848937,55.085848937,0.000000000,0,0.000000000,,v2/work_logs/F16_2026-10-05_S1.md,complete; L; Read the exact vector-recovery theorems and identify the role of constraints on the unknown object versus constraints on the output
F16,F16-A1,2026-10-05-S1,O,,2026-10-05T23:26:30.793110+00:00,2026-10-05T23:26:32.094717+00:00,1.301607099,0.000000000,1.301607099,0,0.000000000,,v2/work_logs/F16_2026-10-05_S1.md,complete; tool_wait; Await full primary preprint of the relative-center algorithm
F16,F16-A1,2026-10-05-S1,L,R,2026-10-05T23:26:32.094717+00:00,2026-10-05T23:27:11.723056+00:00,39.628339421,39.628339421,0.000000000,0,0.000000000,,v2/work_logs/F16_2026-10-05_S1.md,complete; L; Read the relative-center algorithm preprint and compare the declared decision set
F16,F16-A1,2026-10-05-S1,O,,2026-10-05T23:27:11.723056+00:00,2026-10-05T23:27:12.979125+00:00,1.256068846,0.000000000,1.256068846,0,0.000000000,,v2/work_logs/F16_2026-10-05_S1.md,complete; tool_wait; Await full text for the relative-center algorithm’s formal assumptions
F16,F16-A1,2026-10-05-S1,L,R,2026-10-05T23:27:12.979125+00:00,2026-10-05T23:27:53.109460+00:00,40.130335060,40.130335060,0.000000000,0,0.000000000,,v2/work_logs/F16_2026-10-05_S1.md,"complete; L; Read the full primary algorithm setup, hypotheses and computational limitations relevant to the ordinary baseline"
F16,F16-A1,2026-10-05-S1,O,,2026-10-05T23:27:53.109460+00:00,2026-10-05T23:27:54.524048+00:00,1.414586919,0.000000000,1.414586919,0,0.000000000,,v2/work_logs/F16_2026-10-05_S1.md,complete; tool_wait; Await the selected formal assumptions and global-optimization limitation in the primary relative-center paper
F16,F16-A1,2026-10-05-S1,O,,2026-10-05T23:27:54.524048+00:00,2026-10-05T23:32:53.988871+00:00,299.464823491,0.000000000,0.000000000,0,299.464823491,,v2/work_logs/F16_2026-10-05_S1.md,complete; recovery_unobserved; Compare convex-source hypotheses and algorithmic oracle costs with the exact LP baseline; avoid importing broader claims
F16,F16-A1,2026-10-05-S1,O,,2026-10-05T23:32:53.988871+00:00,2026-10-05T23:33:28.103276+00:00,34.114404509,0.000000000,0.000000000,0,34.114404509,,v2/work_logs/F16_2026-10-05_S1.md,complete; paused_recovery; Resume after connection interruption; exclude unobserved open interval before continuing
F16,F16-A1,2026-10-05-S1,D,R,2026-10-05T23:33:28.103276+00:00,2026-10-05T23:35:27.406664+00:00,119.303392739,119.303392739,0.000000000,0,0.000000000,,v2/work_logs/F16_2026-10-05_S1.md,complete; D; Final theorem-scope and contribution review after recovery; assess sharpness and practical magnitude
F16,F16-A1,2026-10-05-S1,L,R,2026-10-05T23:35:27.406664+00:00,2026-10-05T23:35:40.395974+00:00,12.989306893,12.989306893,0.000000000,0,0.000000000,,v2/work_logs/F16_2026-10-05_S1.md,"complete; L; Targeted primary-source comparison of joint constraints, compatible centers and ordinary optimal-recovery costs"
F16,F16-A1,2026-10-05-S1,O,,2026-10-05T23:35:40.395974+00:00,2026-10-05T23:35:41.597257+00:00,1.201282617,0.000000000,1.201282617,0,0.000000000,,v2/work_logs/F16_2026-10-05_S1.md,complete; tool_wait; Primary-source retrieval wait
F16,F16-A1,2026-10-05-S1,L,R,2026-10-05T23:35:41.597257+00:00,2026-10-05T23:36:13.711149+00:00,32.113894151,32.113894151,0.000000000,0,0.000000000,,v2/work_logs/F16_2026-10-05_S1.md,complete; L; Read primary theorem and optimization assumptions for the final bounded contribution comparison
F16,F16-A1,2026-10-05-S1,O,,2026-10-05T23:36:13.711149+00:00,2026-10-05T23:36:15.102734+00:00,1.391584686,0.000000000,1.391584686,0,0.000000000,,v2/work_logs/F16_2026-10-05_S1.md,complete; tool_wait; Primary-source targeted passage retrieval wait
F16,F16-A1,2026-10-05-S1,L,R,2026-10-05T23:36:15.102734+00:00,2026-10-05T23:37:25.181785+00:00,70.079049113,70.079049113,0.000000000,0,0.000000000,,v2/work_logs/F16_2026-10-05_S1.md,"complete; L; Compare ambient-output optimal recovery, consistent estimates and actual global-optimization assumptions"
F16,F16-A1,2026-10-05-S1,D,R,2026-10-05T23:37:25.181785+00:00,2026-10-05T23:38:20.174670+00:00,54.992885991,54.992885991,0.000000000,0,0.000000000,,v2/work_logs/F16_2026-10-05_S1.md,complete; D; Derive the equally informed ordinary compatible-center LP and exact scope of the surviving contribution
F16,F16-A1,2026-10-05-S1,E,X,2026-10-05T23:38:20.174670+00:00,2026-10-05T23:41:32.584817+00:00,192.410146598,192.410146598,0.000000000,0,0.000000000,,v2/work_logs/F16_2026-10-05_S1.md,complete; E; Interpret saved exact mathematical and implementation outputs; verify coverage and failure classifications for the final evidence report
F16,F16-A1,2026-10-05-S1,O,,2026-10-05T23:41:32.584817+00:00,2026-10-05T23:44:31.218152+00:00,178.633335412,178.633335412,0.000000000,0,0.000000000,,v2/work_logs/F16_2026-10-05_S1.md,complete; O; Interpret saved exact mathematical and implementation outputs; verify coverage and failure classifications for the final evidence report; observed mode correction: Conservatively classify principal report assembly after the observed 23:41:32 check and before the 23:44:31 D transition as overhead. Existing arguments were being organized into the report; this is not additional E evidence. No timestamps or prior segments are rewritten.
F16,F16-A1,2026-10-05-S1,D,R,2026-10-05T23:44:31.218152+00:00,2026-10-05T23:47:13.965780+00:00,162.747627049,162.747627049,0.000000000,0,0.000000000,,v2/work_logs/F16_2026-10-05_S1.md,"complete; D; Finalize the scientific argument: ordinary-center reduction, corrected scope, six-field contribution and concrete future evidence targets"
F16,F16-A1,2026-10-05-S1,O,,2026-10-05T23:47:13.965780+00:00,2026-10-05T23:49:21.421140+00:00,127.455359580,127.455359580,0.000000000,0,0.000000000,,v2/work_logs/F16_2026-10-05_S1.md,"complete; O; Finalize the scientific argument: ordinary-center reduction, corrected scope, six-field contribution and concrete future evidence targets; observed mode correction: Conservatively classify the interval after the observed 23:47:13 check through this transition as accounting/administrative overhead. Some mathematical planning also occurred; none of this mixed interval is credited as research."
F16,F16-A1,2026-10-05-S1,D,X,2026-10-05T23:49:21.421140+00:00,2026-10-05T23:53:18.425936+00:00,237.004803523,237.004803523,0.000000000,0,0.000000000,,v2/work_logs/F16_2026-10-05_S1.md,complete; D; Write and check the exact three-procedure uncertain-old-summary counterexample
F16,F16-A1,2026-10-05-S1,O,,2026-10-05T23:53:18.425936+00:00,2026-10-06T00:07:27.579973+00:00,849.154030137,849.154030137,0.000000000,0,0.000000000,,v2/work_logs/F16_2026-10-05_S1.md,"complete; O; Protected substantive review complete; synchronize records, audit exact accounting and preserve the commit"
F16,F16-A1,2026-10-05-S1,O,,2026-10-06T00:07:27.579973+00:00,2026-10-06T00:09:57.271157+00:00,149.691184051,0.000000000,0.000000000,0,149.691184051,,v2/work_logs/F16_2026-10-05_S1.md,"complete; recovery_unobserved; Protected substantive review complete; synchronize records, audit exact accounting and preserve the commit; observed mode correction: Exclude the unobserved interruption/reconstruction interval after the last recorded check at 2026-10-06T00:07:27.579973+00:00 through the observed recovery pause at 00:09:57.271157. Preserve engaged administrative time before that check. Raw clocks are unchanged; this interval supplies no engaged or research credit."
F16,F16-A1,2026-10-05-S1,O,,2026-10-06T00:09:57.271157+00:00,2026-10-06T00:10:26.766520+00:00,29.495362231,0.000000000,0.000000000,0,29.495362231,,v2/work_logs/F16_2026-10-05_S1.md,complete; paused_recovery; Artifact integrity recovery: resume after interruption; exclude unobserved administrative interval after last check
F16,F16-A1,2026-10-05-S1,O,,2026-10-06T00:10:26.766520+00:00,2026-10-06T00:11:03.848448+00:00,37.081928120,37.081928120,0.000000000,0,0.000000000,,v2/work_logs/F16_2026-10-05_S1.md,complete; O; Finish accounting and preservation after excluded recovery; research remains closed
