"task_id","attempt_id","session_id","mode","lane","start_utc","end_utc","elapsed_seconds","engaged_seconds","tool_wait_seconds","idle_seconds","unmeasured_seconds","forecast_seconds","artifact","status"
"C4","R-N01-01-C4-A","2026-10-04-S1","O","","2026-10-04T17:19:25.6149098Z","2026-10-04T17:19:26.0635039Z","0.4499142","0.4499142","0.0000000","0.0000000","0.0000000","600","v2/work_logs/C4_2026-10-04_S1.md","closed; measured after explicit exclusions"
"C4","R-N01-01-C4-A","2026-10-04-S1","D","X","2026-10-04T17:19:26.0976387Z","2026-10-04T17:22:04.3093396Z","158.2148166","158.2148166","0.0000000","0.0000000","0.0000000","1800","v2/work_logs/C4_2026-10-04_S1.md","closed; measured after explicit exclusions"
"C4","R-N01-01-C4-A","2026-10-04-S1","L","X","2026-10-04T17:22:04.3452250Z","2026-10-04T17:24:31.1760188Z","146.8339227","141.3134602","5.5204625","0.0000000","0.0000000","1500","v2/work_logs/C4_2026-10-04_S1.md","closed; measured after explicit exclusions"
"C4","R-N01-01-C4-A","2026-10-04-S1","D","X","2026-10-04T17:24:31.2122425Z","2026-10-04T17:30:08.5147446Z","337.3065788","337.3065788","0.0000000","0.0000000","0.0000000","","v2/work_logs/C4_2026-10-04_S1.md","closed; measured after explicit exclusions"
"C4","R-N01-01-C4-A","2026-10-04-S1","E","R","2026-10-04T17:30:08.5732788Z","2026-10-04T17:33:50.3728825Z","221.8026311","221.2728417","0.5297894","0.0000000","0.0000000","300","v2/work_logs/C4_2026-10-04_S1.md","closed; measured after explicit exclusions"
"C4","R-N01-01-C4-A","2026-10-04-S1","L","X","2026-10-04T17:33:50.4083573Z","2026-10-04T17:42:10.2303891Z","499.8259148","268.6846426","14.3183453","0.0000000","216.8229269","","v2/work_logs/C4_2026-10-04_S1.md","closed; measured after explicit exclusions"
"C4","R-N01-01-C4-A","2026-10-04-S1","D","X","2026-10-04T17:42:10.2697511Z","2026-10-04T17:43:27.9718058Z","77.7059265","77.7059265","0.0000000","0.0000000","0.0000000","","v2/work_logs/C4_2026-10-04_S1.md","closed; measured after explicit exclusions"
"C4","R-N01-01-C4-A","2026-10-04-S1","E","R","2026-10-04T17:43:28.0103153Z","2026-10-04T17:45:34.6939380Z","126.6866439","126.0750612","0.6115827","0.0000000","0.0000000","","v2/work_logs/C4_2026-10-04_S1.md","closed; measured after explicit exclusions"
"C4","R-N01-01-C4-A","2026-10-04-S1","D","X","2026-10-04T17:45:34.7290819Z","2026-10-04T17:47:11.8728624Z","97.1467682","97.1467682","0.0000000","0.0000000","0.0000000","","v2/work_logs/C4_2026-10-04_S1.md","closed; measured after explicit exclusions"
"C4","R-N01-01-C4-A","2026-10-04-S1","E","X","2026-10-04T17:47:11.8728624Z","2026-10-04T17:51:31.0984556Z","259.2257518","259.2257518","0.0000000","0.0000000","0.0000000","","v2/work_logs/C4_2026-10-04_S1.md","closed; measured after explicit exclusions; corrected mode: Includes code drafted before a batched mode-change call executed; classify whole observed interval as computational development"
"C4","R-N01-01-C4-A","2026-10-04-S1","E","R","2026-10-04T17:51:31.1332743Z","2026-10-04T17:51:54.1519494Z","23.0217071","22.3917201","0.6299870","0.0000000","0.0000000","","v2/work_logs/C4_2026-10-04_S1.md","closed; measured after explicit exclusions"
"C4","R-N01-01-C4-A","2026-10-04-S1","L","X","2026-10-04T17:51:54.1876961Z","2026-10-04T17:58:01.6901651Z","367.5055513","360.2044616","7.3010897","0.0000000","0.0000000","","v2/work_logs/C4_2026-10-04_S1.md","closed; measured after explicit exclusions"
"C4","R-N01-01-C4-A","2026-10-04-S1","D","X","2026-10-04T17:58:01.6901651Z","2026-10-04T17:59:32.3423143Z","90.6520592","90.6520592","0.0000000","0.0000000","0.0000000","","v2/work_logs/C4_2026-10-04_S1.md","closed; measured after explicit exclusions; corrected mode: General equal-price moment geometry derivation during contribution comparison"
"C4","R-N01-01-C4-A","2026-10-04-S1","E","X","2026-10-04T17:59:32.3788296Z","2026-10-04T18:01:55.5703443Z","143.1915173","142.9453280","0.2461893","0.0000000","0.0000000","","v2/work_logs/C4_2026-10-04_S1.md","closed; measured after explicit exclusions"
"C4","R-N01-01-C4-A","2026-10-04-S1","D","X","2026-10-04T18:01:55.5703443Z","2026-10-04T18:03:53.3325649Z","117.7653707","117.7653707","0.0000000","0.0000000","0.0000000","","v2/work_logs/C4_2026-10-04_S1.md","closed; measured after explicit exclusions; corrected mode: General radius, canonical contrast and coherence derivation after computational exploration"
"C4","R-N01-01-C4-A","2026-10-04-S1","E","X","2026-10-04T18:03:53.3325649Z","2026-10-04T18:05:38.6727114Z","105.3399505","105.3399505","0.0000000","0.0000000","0.0000000","","v2/work_logs/C4_2026-10-04_S1.md","closed; measured after explicit exclusions"
"C4","R-N01-01-C4-A","2026-10-04-S1","D","X","2026-10-04T18:05:38.7085509Z","2026-10-04T18:06:11.2434112Z","32.5380190","32.5380190","0.0000000","0.0000000","0.0000000","","v2/work_logs/C4_2026-10-04_S1.md","closed; measured after explicit exclusions"
"C4","R-N01-01-C4-A","2026-10-04-S1","E","R","2026-10-04T18:06:11.2796892Z","2026-10-04T18:07:48.4908583Z","97.2145176","96.1188451","1.0956725","0.0000000","0.0000000","","v2/work_logs/C4_2026-10-04_S1.md","closed; measured after explicit exclusions"
"C4","R-N01-01-C4-A","2026-10-04-S1","L","X","2026-10-04T18:07:48.5268506Z","2026-10-04T18:10:38.0546389Z","169.5277827","165.2407587","4.2870240","0.0000000","0.0000000","","v2/work_logs/C4_2026-10-04_S1.md","closed; measured after explicit exclusions"
"C4","R-N01-01-C4-A","2026-10-04-S1","O","","2026-10-04T18:10:38.0584622Z","2026-10-04T18:13:41.5316629Z","183.4763237","183.4763237","0.0000000","0.0000000","0.0000000","","v2/work_logs/C4_2026-10-04_S1.md","closed; measured after explicit exclusions; corrected mode: Conservatively exclude whole interval containing the accounting-script draft before its mode transition; substantive notes in that interval are also uncredited research"
"C4","R-N01-01-C4-A","2026-10-04-S1","O","","2026-10-04T18:13:41.5684061Z","2026-10-04T18:15:23.6583433Z","102.0936771","102.0936771","0.0000000","0.0000000","0.0000000","","v2/work_logs/C4_2026-10-04_S1.md","closed; measured after explicit exclusions"
"C4","R-N01-01-C4-A","2026-10-04-S1","D","X","2026-10-04T18:15:23.6951259Z","2026-10-04T18:20:52.8545636Z","329.1632226","133.5256828","0.0000000","0.0000000","195.6375398","","v2/work_logs/C4_2026-10-04_S1.md","closed; measured after explicit exclusions"
"C4","R-N01-01-C4-A","2026-10-04-S1","E","X","2026-10-04T18:20:52.8937474Z","2026-10-04T18:22:56.8685096Z","123.9777768","120.0057470","3.9720298","0.0000000","0.0000000","","v2/work_logs/C4_2026-10-04_S1.md","closed; measured after explicit exclusions"
"C4","R-N01-01-C4-A","2026-10-04-S1","D","X","2026-10-04T18:22:56.9031906Z","2026-10-04T18:24:24.3983756Z","87.4983093","87.4983093","0.0000000","0.0000000","0.0000000","","v2/work_logs/C4_2026-10-04_S1.md","closed; measured after explicit exclusions"
"C4","R-N01-01-C4-A","2026-10-04-S1","L","X","2026-10-04T18:24:24.4350858Z","2026-10-04T18:25:10.5080510Z","46.0761562","14.2465290","3.1288365","0.0000000","28.7007907","","v2/work_logs/C4_2026-10-04_S1.md","closed; measured after explicit exclusions; includes conservative L overhead reserve"
"C4","R-N01-01-C4-A","2026-10-04-S1","D","X","2026-10-04T18:25:10.5444065Z","2026-10-04T18:27:05.1478042Z","114.6067066","114.6067066","0.0000000","0.0000000","0.0000000","","v2/work_logs/C4_2026-10-04_S1.md","closed; measured after explicit exclusions"
"C4","R-N01-01-C4-A","2026-10-04-S1","E","R","2026-10-04T18:27:05.1855060Z","2026-10-04T18:28:42.5093315Z","97.3238200","25.6193915","2.2786245","0.0000000","69.4258040","","v2/work_logs/C4_2026-10-04_S1.md","closed; measured after explicit exclusions; includes conservative E overhead reserve"
"C4","R-N01-01-C4-A","2026-10-04-S1","D","R","2026-10-04T18:28:42.5128924Z","2026-10-04T18:31:25.6392042Z","163.1294743","163.1294743","0.0000000","0.0000000","0.0000000","","v2/work_logs/C4_2026-10-04_S1.md","closed; measured after explicit exclusions"
"C4","R-N01-01-C4-A","2026-10-04-S1","L","R","2026-10-04T18:31:25.6750308Z","2026-10-04T18:32:01.7039071Z","36.0319430","0.0000000","4.7327337","0.0000000","31.2992093","","v2/work_logs/C4_2026-10-04_S1.md","closed; measured after explicit exclusions; includes conservative L overhead reserve"
"C4","R-N01-01-C4-A","2026-10-04-S1","D","R","2026-10-04T18:32:01.7397134Z","2026-10-04T18:35:23.1703411Z","201.4347994","141.4347994","0.0000000","0.0000000","60.0000000","","v2/work_logs/C4_2026-10-04_S1.md","closed; measured after explicit exclusions; includes conservative D overhead reserve"
"C4","R-N01-01-C4-A","2026-10-04-S1","E","R","2026-10-04T18:35:39.3281717Z","2026-10-04T18:36:00.1143239Z","20.7828855","0.0000000","0.2086895","0.0000000","20.5741960","","v2/work_logs/C4_2026-10-04_S1.md","closed; measured after explicit exclusions; includes conservative E overhead reserve"
"C4","R-N01-01-C4-A","2026-10-04-S1","O","","2026-10-04T18:36:00.1176855Z","2026-10-04T18:44:56.2309887Z","536.1169574","503.5354989","2.5814585","0.0000000","30.0000000","","v2/work_logs/C4_2026-10-04_S1.md","closed; measured after explicit exclusions; includes conservative O overhead reserve"
