R-P3-B-B,R-P3-B-B-1,2026-10-10-S1,D,R,2026-10-10T19:39:54.911498+00:00,2026-10-10T19:43:07.337269+00:00,192.425770694,192.425770694,0.000000000,0.000000000,0.000000000,0,v3/work_logs/R_P3_B_B_2026-10-10_S1.md,"Closed observed principal interval; DEVELOPMENT; Inspect accepted ADD, receiving evidence and edit interfaces; reconstruct the common certificate-service obligation"
R-P3-B-B,R-P3-B-B-1,2026-10-10-S1,recovery,,2026-10-10T19:43:07.337269+00:00,2026-10-10T19:51:06.075908+00:00,478.738637626,0.000000000,0.000000000,0.000000000,478.738637626,0,v3/work_logs/R_P3_B_B_2026-10-10_S1.md,Closed observed principal interval; DEVELOPMENT; Conservatively exclude the entire unobserved tail after the last checkpoint: context compaction and recovery cannot be isolated from useful intervening reasoning. Raw observations remain intact; no inferred or parallel credit.; disposition=rp3bb-compaction-1
R-P3-B-B,R-P3-B-B-1,2026-10-10-S1,recovery,,2026-10-10T19:51:06.075908+00:00,2026-10-10T19:51:19.797880+00:00,13.721972899,0.000000000,0.000000000,0.000000000,13.721972899,0,v3/work_logs/R_P3_B_B_2026-10-10_S1.md,Closed observed principal interval; DEVELOPMENT; Context compaction and recovery; conservatively exclude unobserved tail from last checkpoint
R-P3-B-B,R-P3-B-B-1,2026-10-10-S1,D,R,2026-10-10T19:51:19.797880+00:00,2026-10-10T19:56:40.036712+00:00,320.238831715,320.238831715,0.000000000,0.000000000,0.000000000,0,v3/work_logs/R_P3_B_B_2026-10-10_S1.md,"Closed observed principal interval; DEVELOPMENT; Develop the finite service theorem, declared tariff and constructive comparator contract"
R-P3-B-B,R-P3-B-B-1,2026-10-10-S1,E,R,2026-10-10T19:56:40.036712+00:00,2026-10-10T20:08:40.953534+00:00,720.916820957,720.916820957,0.000000000,0.000000000,0.000000000,0,v3/work_logs/R_P3_B_B_2026-10-10_S1.md,"Closed observed principal interval; DEVELOPMENT; Implement the declared event-and-byte service, full input/output codecs and transactional budget accounting"
R-P3-B-B,R-P3-B-B-1,2026-10-10-S1,L,X,2026-10-10T20:08:40.953534+00:00,2026-10-10T20:12:15.258771+00:00,214.305243008,214.305243008,0.000000000,0.000000000,0.000000000,0,v3/work_logs/R_P3_B_B_2026-10-10_S1.md,Closed observed principal interval; DEVELOPMENT; Read primary proof-producing decision-diagram and compilation papers; test the scope of the ordinary bridge and claimed obstruction
R-P3-B-B,R-P3-B-B-1,2026-10-10-S1,recovery,,2026-10-10T20:12:15.258771+00:00,2026-10-10T20:17:04.227467+00:00,288.968692022,0.000000000,0.000000000,0.000000000,288.968692022,0,v3/work_logs/R_P3_B_B_2026-10-10_S1.md,Closed observed principal interval; DEVELOPMENT; Context compaction and recovery; conservatively exclude the entire unobserved tail after the last principal checkpoint.; disposition=compaction_recovery_2
R-P3-B-B,R-P3-B-B-1,2026-10-10-S1,recovery,,2026-10-10T20:17:04.227467+00:00,2026-10-10T20:17:25.063718+00:00,20.836249525,0.000000000,0.000000000,0.000000000,20.836249525,0,v3/work_logs/R_P3_B_B_2026-10-10_S1.md,Closed observed principal interval; DEVELOPMENT; Context compaction and recovery; exclude unobserved tail after the last checkpoint
R-P3-B-B,R-P3-B-B-1,2026-10-10-S1,D,X,2026-10-10T20:17:25.063718+00:00,2026-10-10T20:18:37.701137+00:00,72.637419947,72.637419947,0.000000000,0.000000000,0.000000000,0,v3/work_logs/R_P3_B_B_2026-10-10_S1.md,Closed observed principal interval; DEVELOPMENT; Analyze primary evidence and design a stronger ordinary shared-proof control
R-P3-B-B,R-P3-B-B-1,2026-10-10-S1,E,X,2026-10-10T20:18:37.701137+00:00,2026-10-10T20:21:46.636147+00:00,188.935008260,188.935008260,0.000000000,0.000000000,0.000000000,0,v3/work_logs/R_P3_B_B_2026-10-10_S1.md,Closed observed principal interval; DEVELOPMENT; Implement exact cumulative and category analysis for the declared delivery comparisons
R-P3-B-B,R-P3-B-B-1,2026-10-10-S1,L,X,2026-10-10T20:21:46.636147+00:00,2026-10-10T20:26:14.744107+00:00,268.107963836,268.107963836,0.000000000,0.000000000,0.000000000,0,v3/work_logs/R_P3_B_B_2026-10-10_S1.md,"Closed observed principal interval; DEVELOPMENT; Reconstruct proof-producing BDD and ADD antecedents, dependency sharing, and precise complexity hypotheses"
R-P3-B-B,R-P3-B-B-1,2026-10-10-S1,D,X,2026-10-10T20:26:14.744107+00:00,2026-10-10T20:28:33.345886+00:00,138.601776466,138.601776466,0.000000000,0.000000000,0.000000000,0,v3/work_logs/R_P3_B_B_2026-10-10_S1.md,Closed observed principal interval; DEVELOPMENT; Derive polynomial shared-evidence size and exact abstraction/conditional-scope countermodels
R-P3-B-B,R-P3-B-B-1,2026-10-10-S1,E,X,2026-10-10T20:28:33.345886+00:00,2026-10-10T20:34:50.136800+00:00,376.790914632,376.790914632,0.000000000,0.000000000,0.000000000,0,v3/work_logs/R_P3_B_B_2026-10-10_S1.md,Closed observed principal interval; DEVELOPMENT; Analyze complete primary comparison and integrate the stronger ordinary pruning control
R-P3-B-B,R-P3-B-B-1,2026-10-10-S1,recovery,,2026-10-10T20:34:50.136800+00:00,2026-10-10T20:37:49.541066+00:00,179.404267462,0.000000000,0.000000000,0.000000000,179.404267462,0,v3/work_logs/R_P3_B_B_2026-10-10_S1.md,Closed observed principal interval; DEVELOPMENT; Conservatively exclude unobserved tail after last checkpoint during context compaction/recovery; disposition=compaction_recovery_3
R-P3-B-B,R-P3-B-B-1,2026-10-10-S1,recovery,,2026-10-10T20:37:49.541066+00:00,2026-10-10T20:38:10.542311+00:00,21.001242070,0.000000000,0.000000000,0.000000000,21.001242070,0,v3/work_logs/R_P3_B_B_2026-10-10_S1.md,Closed observed principal interval; DEVELOPMENT; Context compaction/recovery; exclude unobserved tail after last checkpoint
R-P3-B-B,R-P3-B-B-1,2026-10-10-S1,E,X,2026-10-10T20:38:10.542311+00:00,2026-10-10T20:40:30.296513+00:00,139.754202308,139.754202308,0.000000000,0.000000000,0.000000000,0,v3/work_logs/R_P3_B_B_2026-10-10_S1.md,Closed observed principal interval; DEVELOPMENT; Analyze fixed-path price robustness and completed source-bound evidence; no repriced executions
R-P3-B-B,R-P3-B-B-1,2026-10-10-S1,L,X,2026-10-10T20:40:30.296513+00:00,2026-10-10T20:43:32.907370+00:00,182.610856631,182.610856631,0.000000000,0.000000000,0.000000000,0,v3/work_logs/R_P3_B_B_2026-10-10_S1.md,Closed observed principal interval; DEVELOPMENT; Reconstruct closest ordinary proof-producing decision-diagram antecedents and preservation contracts
R-P3-B-B,R-P3-B-B-1,2026-10-10-S1,E,X,2026-10-10T20:43:32.907370+00:00,2026-10-10T20:48:09.595126+00:00,276.687755245,276.687755245,0.000000000,0.000000000,0.000000000,0,v3/work_logs/R_P3_B_B_2026-10-10_S1.md,Closed observed principal interval; DEVELOPMENT; Analyze complete pruning comparison and design one paid out-of-fragment service probe
R-P3-B-B,R-P3-B-B-1,2026-10-10-S1,D,R,2026-10-10T20:48:09.595126+00:00,2026-10-10T20:51:13.537818+00:00,183.942693720,183.942693720,0.000000000,0.000000000,0.000000000,0,v3/work_logs/R_P3_B_B_2026-10-10_S1.md,Closed observed principal interval; DEVELOPMENT; Derive incomparable arithmetic admission fragments and exact price/delivery implications while prospective diagnostic is reviewed
R-P3-B-B,R-P3-B-B-1,2026-10-10-S1,E,X,2026-10-10T20:51:13.537818+00:00,2026-10-10T20:51:18.976276+00:00,5.438456628,5.438456628,0.000000000,0.000000000,0.000000000,0,v3/work_logs/R_P3_B_B_2026-10-10_S1.md,Closed observed principal interval; DEVELOPMENT; Execute frozen30-unit rational-fragment service/failure diagnostic after static source review
R-P3-B-B,R-P3-B-B-1,2026-10-10-S1,D,R,2026-10-10T20:51:18.976276+00:00,2026-10-10T20:55:12.144043+00:00,233.167767544,233.167767544,0.000000000,0.000000000,0.000000000,0,v3/work_logs/R_P3_B_B_2026-10-10_S1.md,Closed observed principal interval; DEVELOPMENT; Reconstruct admission-domain non-inclusion and fixed-path price implications while the frozen diagnostic runs
R-P3-B-B,R-P3-B-B-1,2026-10-10-S1,recovery,,2026-10-10T20:55:12.144043+00:00,2026-10-10T21:00:16.643497+00:00,304.499454547,0.000000000,0.000000000,0.000000000,304.499454547,0,v3/work_logs/R_P3_B_B_2026-10-10_S1.md,Closed observed principal interval; DEVELOPMENT; Conservatively exclude unobserved tail after last checkpoint during context compaction/recovery; disposition=compaction_recovery_4
R-P3-B-B,R-P3-B-B-1,2026-10-10-S1,recovery,,2026-10-10T21:00:16.643497+00:00,2026-10-10T21:00:29.704134+00:00,13.060637960,0.000000000,0.000000000,0.000000000,13.060637960,0,v3/work_logs/R_P3_B_B_2026-10-10_S1.md,Closed observed principal interval; DEVELOPMENT; Pause on context recovery; exclude unobserved tail after last checkpoint
R-P3-B-B,R-P3-B-B-1,2026-10-10-S1,D,R,2026-10-10T21:00:29.704134+00:00,2026-10-10T21:02:40.226960+00:00,130.522827233,130.522827233,0.000000000,0.000000000,0.000000000,0,v3/work_logs/R_P3_B_B_2026-10-10_S1.md,Closed observed principal interval; DEVELOPMENT; Derive scope of fresh verification and retained recipient history; analyze capped service coverage
R-P3-B-B,R-P3-B-B-1,2026-10-10-S1,E,X,2026-10-10T21:02:40.226960+00:00,2026-10-10T21:07:57.878514+00:00,317.651552098,317.651552098,0.000000000,0.000000000,0.000000000,0,v3/work_logs/R_P3_B_B_2026-10-10_S1.md,Closed observed principal interval; DEVELOPMENT; Inspect capped runner and reconstruct coverage/cost evidence for the experiment report
R-P3-B-B,R-P3-B-B-1,2026-10-10-S1,D,R,2026-10-10T21:07:57.878514+00:00,2026-10-10T21:12:43.758824+00:00,285.880313747,285.880313747,0.000000000,0.000000000,0.000000000,0,v3/work_logs/R_P3_B_B_2026-10-10_S1.md,Closed observed principal interval; DEVELOPMENT; Reconstruct fresh verification complexity and bound the exact contribution to each research question
R-P3-B-B,R-P3-B-B-1,2026-10-10-S1,E,X,2026-10-10T21:12:43.758824+00:00,2026-10-10T21:19:05.344233+00:00,381.585404742,381.585404742,0.000000000,0.000000000,0.000000000,0,v3/work_logs/R_P3_B_B_2026-10-10_S1.md,"Closed observed principal interval; DEVELOPMENT; Implement observer-only analysis of actual cap coverage, paid failures, and same-service ordering"
R-P3-B-B,R-P3-B-B-1,2026-10-10-S1,D,R,2026-10-10T21:19:05.344233+00:00,2026-10-10T21:22:36.407460+00:00,211.063227830,211.063227830,0.000000000,0.000000000,0.000000000,0,v3/work_logs/R_P3_B_B_2026-10-10_S1.md,Closed observed principal interval; DEVELOPMENT; Derive complete polynomial ordinary construction/export bound and coverage-cost partial-order interpretation
R-P3-B-B,R-P3-B-B-1,2026-10-10-S1,recovery,,2026-10-10T21:22:36.407460+00:00,2026-10-10T21:27:21.762894+00:00,285.355432739,0.000000000,0.000000000,0.000000000,285.355432739,0,v3/work_logs/R_P3_B_B_2026-10-10_S1.md,Closed observed principal interval; DEVELOPMENT; Conservatively exclude unobserved tail after last checkpoint during context compaction/recovery; disposition=compaction_recovery_5
R-P3-B-B,R-P3-B-B-1,2026-10-10-S1,recovery,,2026-10-10T21:27:21.762894+00:00,2026-10-10T21:27:51.162241+00:00,29.399349723,0.000000000,0.000000000,0.000000000,29.399349723,0,v3/work_logs/R_P3_B_B_2026-10-10_S1.md,Closed observed principal interval; DEVELOPMENT; Pause for context recovery; exclude unobserved tail after last principal checkpoint
R-P3-B-B,R-P3-B-B-1,2026-10-10-S1,E,X,2026-10-10T21:27:51.162241+00:00,2026-10-10T21:29:44.387068+00:00,113.224825359,113.224825359,0.000000000,0.000000000,0.000000000,0,v3/work_logs/R_P3_B_B_2026-10-10_S1.md,"Closed observed principal interval; DEVELOPMENT; Inspect completed constrained-consumer deliveries, validate observer and compare exact coverage/cost histories"
R-P3-B-B,R-P3-B-B-1,2026-10-10-S1,D,R,2026-10-10T21:29:44.387068+00:00,2026-10-10T21:33:21.637362+00:00,217.250293805,217.250293805,0.000000000,0.000000000,0.000000000,0,v3/work_logs/R_P3_B_B_2026-10-10_S1.md,Closed observed principal interval; DEVELOPMENT; Interpret finite coverage/cost result and verify complete parity producer construction bound with named assumptions
R-P3-B-B,R-P3-B-B-1,2026-10-10-S1,E,X,2026-10-10T21:33:21.637362+00:00,2026-10-10T21:33:52.434088+00:00,30.796724291,30.796724291,0.000000000,0.000000000,0.000000000,0,v3/work_logs/R_P3_B_B_2026-10-10_S1.md,Closed observed principal interval; DEVELOPMENT; Resolve the consumer-cost caveat using exact equal-coverage capped invoices and audit primary/capped billed differences
R-P3-B-B,R-P3-B-B-1,2026-10-10-S1,D,R,2026-10-10T21:33:52.434088+00:00,2026-10-10T21:37:28.497783+00:00,216.063695589,216.063695589,0.000000000,0.000000000,0.000000000,0,v3/work_logs/R_P3_B_B_2026-10-10_S1.md,Closed observed principal interval; DEVELOPMENT; Derive resource-vector versus fixed-price dominance qualification and complete current contribution limits
R-P3-B-B,R-P3-B-B-1,2026-10-10-S1,O,,2026-10-10T21:37:28.497783+00:00,2026-10-10T21:40:30.235395+00:00,181.737611532,181.737611532,0.000000000,0.000000000,0.000000000,0,v3/work_logs/R_P3_B_B_2026-10-10_S1.md,"Closed observed principal interval; DEVELOPMENT; Research evidence and Research90 floor met; synchronize status, additive checkpoint, exact accounting, preservation and publication"
