"task_id","attempt_id","session_id","mode","lane","start_utc","end_utc","elapsed_seconds","engaged_seconds","tool_wait_seconds","idle_seconds","unmeasured_seconds","forecast_seconds","artifact","status"
"F10","F10-A1","2026-09-30-S1","O","","2026-09-30T18:26:53.8930070Z","2026-09-30T18:26:54.4616998Z","0.5684198","0.5684198","0.0000000","0.0000000","0.0000000","720","v2/work_logs/F10_2026-09-30_S1.md","closed; measured after explicit exclusions"
"F10","F10-A1","2026-09-30-S1","L","R","2026-09-30T18:26:54.4853952Z","2026-09-30T18:34:08.7812869Z","434.2995687","209.1329953","14.4977027","0.0000000","210.6688707","3600","v2/work_logs/F10_2026-09-30_S1.md","closed; measured after explicit exclusions"
"F10","F10-A1","2026-09-30-S1","L","R","2026-09-30T18:34:08.8083874Z","2026-09-30T18:41:48.8743200Z","460.0692740","460.0692740","0.0000000","0.0000000","0.0000000","","v2/work_logs/F10_2026-09-30_S1.md","closed; measured after explicit exclusions"
"F10","F10-A1","2026-09-30-S1","L","X","2026-09-30T18:41:48.8996188Z","2026-09-30T18:50:40.4950803Z","531.5991997","0.0040338","1.6844451","0.0000000","529.9107208","","v2/work_logs/F10_2026-09-30_S1.md","closed; measured after explicit exclusions"
"F10","F10-A1","2026-09-30-S1","L","X","2026-09-30T18:50:40.5221774Z","2026-09-30T18:56:54.1113168Z","373.5920309","368.4948330","5.0971979","0.0000000","0.0000000","","v2/work_logs/F10_2026-09-30_S1.md","closed; measured after explicit exclusions"
"F10","F10-A1","2026-09-30-S1","D","X","2026-09-30T18:56:54.1345483Z","2026-09-30T19:00:48.6829356Z","234.5512878","234.5512878","0.0000000","0.0000000","0.0000000","720","v2/work_logs/F10_2026-09-30_S1.md","closed; measured after explicit exclusions"
"F10","F10-A1","2026-09-30-S1","L","R","2026-09-30T19:00:48.7061049Z","2026-09-30T19:07:46.5375452Z","417.8341454","181.9340401","7.1317686","0.0000000","228.7683367","","v2/work_logs/F10_2026-09-30_S1.md","closed; measured after explicit exclusions"
"F10","F10-A1","2026-09-30-S1","L","R","2026-09-30T19:07:46.5598217Z","2026-09-30T19:11:22.8975925Z","216.3406815","211.2452948","5.0953867","0.0000000","0.0000000","","v2/work_logs/F10_2026-09-30_S1.md","closed; measured after explicit exclusions"
"F10","F10-A1","2026-09-30-S1","D","X","2026-09-30T19:11:22.9199542Z","2026-09-30T19:12:16.8882422Z","53.9711657","53.9711657","0.0000000","0.0000000","0.0000000","","v2/work_logs/F10_2026-09-30_S1.md","closed; measured after explicit exclusions"
"F10","F10-A1","2026-09-30-S1","L","X","2026-09-30T19:12:16.9115969Z","2026-09-30T19:25:54.3794236Z","817.4709088","344.6789405","7.0041796","0.0000000","465.7877887","","v2/work_logs/F10_2026-09-30_S1.md","closed; measured after explicit exclusions"
"F10","F10-A1","2026-09-30-S1","L","R","2026-09-30T19:25:54.4025291Z","2026-09-30T19:30:08.1809994Z","253.7813486","244.6244627","9.1568859","0.0000000","0.0000000","","v2/work_logs/F10_2026-09-30_S1.md","closed; measured after explicit exclusions"
"F10","F10-A1","2026-09-30-S1","E","R","2026-09-30T19:30:08.2045921Z","2026-09-30T19:31:34.1592132Z","85.9572996","56.0238635","29.9334361","0.0000000","0.0000000","300","v2/work_logs/F10_2026-09-30_S1.md","closed; measured after explicit exclusions"
"F10","F10-A1","2026-09-30-S1","L","X","2026-09-30T19:31:34.1729818Z","2026-09-30T19:34:53.9776940Z","199.8086311","195.4653909","4.3432402","0.0000000","0.0000000","","v2/work_logs/F10_2026-09-30_S1.md","closed; measured after explicit exclusions"
"F10","F10-A1","2026-09-30-S1","D","X","2026-09-30T19:34:54.0048572Z","2026-09-30T19:35:48.9846553Z","54.9827466","24.9827466","0.0000000","0.0000000","30.0000000","","v2/work_logs/F10_2026-09-30_S1.md","closed; measured after explicit exclusions; includes conservative D overhead reserve"
"F10","F10-A1","2026-09-30-S1","L","R","2026-09-30T19:35:49.0081342Z","2026-09-30T19:42:30.2902706Z","401.2850058","173.9177286","4.0644502","0.0000000","223.3028270","","v2/work_logs/F10_2026-09-30_S1.md","closed; measured after explicit exclusions"
"F10","F10-A1","2026-09-30-S1","L","R","2026-09-30T19:42:30.3128847Z","2026-09-30T19:43:41.9893204Z","71.6798803","71.6798803","0.0000000","0.0000000","0.0000000","","v2/work_logs/F10_2026-09-30_S1.md","closed; measured after explicit exclusions"
"F10","F10-A1","2026-09-30-S1","O","R","2026-09-30T19:43:42.0213714Z","2026-09-30T19:44:36.6936522Z","54.6754968","54.6754968","0.0000000","0.0000000","0.0000000","","v2/work_logs/F10_2026-09-30_S1.md","closed; measured after explicit exclusions"
"F10","F10-A1","2026-09-30-S1","L","X","2026-09-30T19:44:36.7174956Z","2026-09-30T19:50:42.1749909Z","365.4604386","238.8323114","6.6281272","0.0000000","120.0000000","","v2/work_logs/F10_2026-09-30_S1.md","closed; measured after explicit exclusions; includes conservative L overhead reserve"
"F10","F10-A1","2026-09-30-S1","O","R","2026-09-30T19:50:42.1980662Z","2026-09-30T19:55:37.5809164Z","295.3850923","295.3850923","0.0000000","0.0000000","0.0000000","","v2/work_logs/F10_2026-09-30_S1.md","closed; measured after explicit exclusions"
