P3-05,P3-05-R1,2026-10-08-S2,D,R,2026-10-08T17:17:17.275302+00:00,2026-10-08T17:20:12.110543+00:00,174.835265945,174.835265945,0.000000000,0.000000000,0.000000000,0,v3/work_logs/P3_05_2026-10-08_S2.md,IN PROGRESS; Reconstruct selection coverage and directed transport bounds from the preserved P3-04 semantics; fresh research begins after recovery inspection.
P3-05,P3-05-R1,2026-10-08-S2,L,R,2026-10-08T17:20:12.110543+00:00,2026-10-08T17:22:59.073320+00:00,166.962752886,166.962752886,0.000000000,0.000000000,0.000000000,0,v3/work_logs/P3_05_2026-10-08_S2.md,IN PROGRESS; Inspect primary causal-intervention and incremental-proof reuse sources to separate inherited components from the proposed selection-envelope bridge.
P3-05,P3-05-R1,2026-10-08-S2,D,X,2026-10-08T17:22:59.073320+00:00,2026-10-08T17:24:54.489349+00:00,115.416028575,115.416028575,0.000000000,0.000000000,0.000000000,0,v3/work_logs/P3_05_2026-10-08_S2.md,"IN PROGRESS; Derive rank-sublevel reuse and sharp ties/withdrawal counterexamples; qualify lexicographic, semantic-map and portfolio boundaries."
P3-05,P3-05-R1,2026-10-08-S2,E,R,2026-10-08T17:24:54.489349+00:00,2026-10-08T17:27:17.286086+00:00,142.796738481,142.796738481,0.000000000,0.000000000,0.000000000,0,v3/work_logs/P3_05_2026-10-08_S2.md,IN PROGRESS; Implement a new finite rank-band proof generator and separately traversing receiver; old P3-04 source is an unchanged dependency.
P3-05,P3-05-R1,2026-10-08-S2,E,X,2026-10-08T17:27:17.286086+00:00,2026-10-08T17:29:53.734900+00:00,156.448817691,156.448817691,0.000000000,0.000000000,0.000000000,0,v3/work_logs/P3_05_2026-10-08_S2.md,"IN PROGRESS; Construct independent finite point-oracle checks and hostile coverage, tie, withdrawal, identity and cost cases for the new receiver."
P3-05,P3-05-R1,2026-10-08-S2,D,X,2026-10-08T17:29:53.734900+00:00,2026-10-08T17:29:54.539612+00:00,0.804706069,0.804706069,0.000000000,0.000000000,0.000000000,0,v3/work_logs/P3_05_2026-10-08_S2.md,"IN PROGRESS; Analyze what a retained band envelope preserves, add an original-selected-value obstruction, and connect reuse failures to genuine counterpossible frames."
P3-05,P3-05-R1,2026-10-08-S2,E,X,2026-10-08T17:29:54.539612+00:00,2026-10-08T17:32:20.380834+00:00,145.841223010,145.841223010,0.000000000,0.000000000,0.000000000,0,v3/work_logs/P3_05_2026-10-08_S2.md,IN PROGRESS; Execute the predeclared focused envelope and counterpossible-frame supplement; retain exact sources and outputs separately from attempt 1.
P3-05,P3-05-R1,2026-10-08-S2,E,R,2026-10-08T17:32:20.380834+00:00,2026-10-08T17:33:53.324212+00:00,92.943376780,92.943376780,0.000000000,0.000000000,0.000000000,0,v3/work_logs/P3_05_2026-10-08_S2.md,"IN PROGRESS; Extend the receiver with checked Boolean substitutions so a withdrawn premise can be handled by an explicit mapped-domain proof and loss penalty, rather than blanket rejection."
P3-05,P3-05-R1,2026-10-08-S2,O,,2026-10-08T17:33:53.324212+00:00,2026-10-08T17:34:31.200828+00:00,37.876616930,37.876616930,0.000000000,0.000000000,0.000000000,0,v3/work_logs/P3_05_2026-10-08_S2.md,IN PROGRESS; Conservative reclassification: this interval mixed closing prose/self-review with preservation archive construction and repository-status reading. No finer measured boundary is available.
P3-05,P3-05-R1,2026-10-08-S2,O,,2026-10-08T17:34:31.200828+00:00,2026-10-08T17:37:26.302760+00:00,175.101931868,175.101931868,0.000000000,0.000000000,0.000000000,0,v3/work_logs/P3_05_2026-10-08_S2.md,"IN PROGRESS; Package verified reconstruction, reconcile exact accounting and synchronize resume status; no further research credit during delivery."
