stream,recipient,method,request_index,request_id,case,status,total_units,consumer_units,primary_total_units,primary_consumer_units,total_delta,consumer_delta,prior_failure_in_session,source_enrolled_after,source_charged_this_attempt,static_bill_fits,static_bill_plus_reserve_fits,failure_type,failure_stage
constant_n3,resident,P-REUSE,1,constant_n3:1,constant_n3/edit/00,DELIVERED,557911,503027,557893,503009,18,18,False,True,True,True,True,,
constant_n3,resident,P-REUSE,2,constant_n3:2,constant_n3/edit/01,DELIVERED,157909,88460,157909,88460,0,0,False,True,False,True,True,,
constant_n3,resident,P-REUSE,3,constant_n3:3,constant_n3/edit/02,DELIVERED,153752,86379,153752,86379,0,0,False,True,False,True,True,,
constant_n3,resident,P-REUSE,4,constant_n3:4,constant_n3/edit/03,DELIVERED,162198,90660,162198,90660,0,0,False,True,False,True,True,,
constant_n3,resident,P-REUSE,5,constant_n3:5,constant_n3/edit/04,DELIVERED,168155,93604,168155,93604,0,0,False,True,False,True,True,,
constant_n3,resident,P-REUSE,6,constant_n3:6,constant_n3/edit/05,DELIVERED,170706,94867,170706,94867,0,0,False,True,False,True,True,,
constant_n3,resident,P-FRESH,1,constant_n3:1,constant_n3/edit/00,DELIVERED,557790,503009,557790,503009,0,0,False,True,True,True,True,,
constant_n3,resident,P-FRESH,2,constant_n3:2,constant_n3/edit/01,DELIVERED,157909,88460,157909,88460,0,0,False,True,False,True,True,,
constant_n3,resident,P-FRESH,3,constant_n3:3,constant_n3/edit/02,DELIVERED,153752,86379,153752,86379,0,0,False,True,False,True,True,,
constant_n3,resident,P-FRESH,4,constant_n3:4,constant_n3/edit/03,DELIVERED,162198,90660,162198,90660,0,0,False,True,False,True,True,,
constant_n3,resident,P-FRESH,5,constant_n3:5,constant_n3/edit/04,DELIVERED,168155,93604,168155,93604,0,0,False,True,False,True,True,,
constant_n3,resident,P-FRESH,6,constant_n3:6,constant_n3/edit/05,DELIVERED,170706,94867,170706,94867,0,0,False,True,False,True,True,,
constant_n3,resident,O-ADD-COLD,1,constant_n3:1,constant_n3/edit/00,DELIVERED,644214,570731,644202,570731,12,0,False,True,True,True,True,,
constant_n3,resident,O-ADD-COLD,2,constant_n3:2,constant_n3/edit/01,DELIVERED,284075,177445,284075,177445,0,0,False,True,False,True,True,,
constant_n3,resident,O-ADD-COLD,3,constant_n3:3,constant_n3/edit/02,DELIVERED,291643,182014,291643,182014,0,0,False,True,False,True,True,,
constant_n3,resident,O-ADD-COLD,4,constant_n3:4,constant_n3/edit/03,DELIVERED,316387,194941,316387,194941,0,0,False,True,False,True,True,,
constant_n3,resident,O-ADD-COLD,5,constant_n3:5,constant_n3/edit/04,DELIVERED,345670,211884,345670,211884,0,0,False,True,False,True,True,,
constant_n3,resident,O-ADD-COLD,6,constant_n3:6,constant_n3/edit/05,DELIVERED,341895,209260,341895,209260,0,0,False,True,False,True,True,,
constant_n3,resident,O-ADD-WARM,1,constant_n3:1,constant_n3/edit/00,DELIVERED,646472,570731,646472,570731,0,0,False,True,True,True,True,,
constant_n3,resident,O-ADD-WARM,2,constant_n3:2,constant_n3/edit/01,DELIVERED,254950,148931,254950,148931,0,0,False,True,False,True,True,,
constant_n3,resident,O-ADD-WARM,3,constant_n3:3,constant_n3/edit/02,DELIVERED,249549,145477,249549,145477,0,0,False,True,False,True,True,,
constant_n3,resident,O-ADD-WARM,4,constant_n3:4,constant_n3/edit/03,DELIVERED,296501,171118,296501,171118,0,0,False,True,False,True,True,,
constant_n3,resident,O-ADD-WARM,5,constant_n3:5,constant_n3/edit/04,DELIVERED,330666,191482,330666,191482,0,0,False,True,False,True,True,,
constant_n3,resident,O-ADD-WARM,6,constant_n3:6,constant_n3/edit/05,DELIVERED,314210,177747,314210,177747,0,0,False,True,False,True,True,,
constant_n3,resident,O-ENUM-RECEIVER,1,constant_n3:1,constant_n3/edit/00,DELIVERED,488836,480070,488836,480070,0,0,False,True,True,True,True,,
constant_n3,resident,O-ENUM-RECEIVER,2,constant_n3:2,constant_n3/edit/01,DELIVERED,69526,58801,69526,58801,0,0,False,True,False,True,True,,
constant_n3,resident,O-ENUM-RECEIVER,3,constant_n3:3,constant_n3/edit/02,DELIVERED,67782,57416,67782,57416,0,0,False,True,False,True,True,,
constant_n3,resident,O-ENUM-RECEIVER,4,constant_n3:4,constant_n3/edit/03,DELIVERED,71505,60413,71505,60413,0,0,False,True,False,True,True,,
constant_n3,resident,O-ENUM-RECEIVER,5,constant_n3:5,constant_n3/edit/04,DELIVERED,71678,60440,71678,60440,0,0,False,True,False,True,True,,
constant_n3,resident,O-ENUM-RECEIVER,6,constant_n3:6,constant_n3/edit/05,DELIVERED,73342,61739,73342,61739,0,0,False,True,False,True,True,,
constant_n3,resident,O-ADD-PORTFOLIO,1,constant_n3:1,constant_n3/edit/00,DELIVERED,557910,503009,557910,503009,0,0,False,True,True,True,True,,
constant_n3,resident,O-ADD-PORTFOLIO,2,constant_n3:2,constant_n3/edit/01,DELIVERED,157917,88460,157917,88460,0,0,False,True,False,True,True,,
constant_n3,resident,O-ADD-PORTFOLIO,3,constant_n3:3,constant_n3/edit/02,DELIVERED,153760,86379,153760,86379,0,0,False,True,False,True,True,,
constant_n3,resident,O-ADD-PORTFOLIO,4,constant_n3:4,constant_n3/edit/03,DELIVERED,162206,90660,162206,90660,0,0,False,True,False,True,True,,
constant_n3,resident,O-ADD-PORTFOLIO,5,constant_n3:5,constant_n3/edit/04,DELIVERED,168163,93604,168163,93604,0,0,False,True,False,True,True,,
constant_n3,resident,O-ADD-PORTFOLIO,6,constant_n3:6,constant_n3/edit/05,DELIVERED,170714,94867,170714,94867,0,0,False,True,False,True,True,,
constant_n3,fresh,P-REUSE,1,constant_n3:1,constant_n3/edit/00,DELIVERED,557885,503009,557885,503009,0,0,False,True,True,True,True,,
constant_n3,fresh,P-REUSE,2,constant_n3:2,constant_n3/edit/01,DELIVERED,157961,88464,157961,88464,0,0,False,True,False,True,True,,
constant_n3,fresh,P-REUSE,3,constant_n3:3,constant_n3/edit/02,DELIVERED,153804,86383,153804,86383,0,0,False,True,False,True,True,,
constant_n3,fresh,P-REUSE,4,constant_n3:4,constant_n3/edit/03,DELIVERED,162250,90664,162250,90664,0,0,False,True,False,True,True,,
constant_n3,fresh,P-REUSE,5,constant_n3:5,constant_n3/edit/04,DELIVERED,168207,93608,168207,93608,0,0,False,True,False,True,True,,
constant_n3,fresh,P-REUSE,6,constant_n3:6,constant_n3/edit/05,DELIVERED,170758,94871,170758,94871,0,0,False,True,False,True,True,,
constant_n3,fresh,P-FRESH,1,constant_n3:1,constant_n3/edit/00,DELIVERED,557782,503009,557782,503009,0,0,False,True,True,True,True,,
constant_n3,fresh,P-FRESH,2,constant_n3:2,constant_n3/edit/01,DELIVERED,157916,88464,157916,88464,0,0,False,True,False,True,True,,
constant_n3,fresh,P-FRESH,3,constant_n3:3,constant_n3/edit/02,DELIVERED,153759,86383,153759,86383,0,0,False,True,False,True,True,,
constant_n3,fresh,P-FRESH,4,constant_n3:4,constant_n3/edit/03,DELIVERED,162205,90664,162205,90664,0,0,False,True,False,True,True,,
constant_n3,fresh,P-FRESH,5,constant_n3:5,constant_n3/edit/04,DELIVERED,168162,93608,168162,93608,0,0,False,True,False,True,True,,
constant_n3,fresh,P-FRESH,6,constant_n3:6,constant_n3/edit/05,DELIVERED,170713,94871,170713,94871,0,0,False,True,False,True,True,,
constant_n3,fresh,O-ADD-COLD,1,constant_n3:1,constant_n3/edit/00,DELIVERED,644098,570731,644098,570731,0,0,False,True,True,True,True,,
constant_n3,fresh,O-ADD-COLD,2,constant_n3:2,constant_n3/edit/01,DELIVERED,284073,177445,284073,177445,0,0,False,True,False,True,True,,
constant_n3,fresh,O-ADD-COLD,3,constant_n3:3,constant_n3/edit/02,DELIVERED,291607,182014,291607,182014,0,0,False,True,False,True,True,,
constant_n3,fresh,O-ADD-COLD,4,constant_n3:4,constant_n3/edit/03,DELIVERED,316351,194941,316351,194941,0,0,False,True,False,True,True,,
constant_n3,fresh,O-ADD-COLD,5,constant_n3:5,constant_n3/edit/04,DELIVERED,345634,211884,345634,211884,0,0,False,True,False,True,True,,
constant_n3,fresh,O-ADD-COLD,6,constant_n3:6,constant_n3/edit/05,DELIVERED,341893,209260,341893,209260,0,0,False,True,False,True,True,,
constant_n3,fresh,O-ADD-WARM,1,constant_n3:1,constant_n3/edit/00,DELIVERED,644103,570731,644103,570731,0,0,False,True,True,True,True,,
constant_n3,fresh,O-ADD-WARM,2,constant_n3:2,constant_n3/edit/01,DELIVERED,287207,181073,287207,181073,0,0,False,True,False,True,True,,
constant_n3,fresh,O-ADD-WARM,3,constant_n3:3,constant_n3/edit/02,DELIVERED,309876,200087,309876,200087,0,0,False,True,False,True,True,,
constant_n3,fresh,O-ADD-WARM,4,constant_n3:4,constant_n3/edit/03,DELIVERED,371399,237661,371399,237661,0,0,False,True,False,True,True,,
constant_n3,fresh,O-ADD-WARM,5,constant_n3:5,constant_n3/edit/04,DELIVERED,433848,279915,433848,279915,0,0,False,True,False,True,True,,
constant_n3,fresh,O-ADD-WARM,6,constant_n3:6,constant_n3/edit/05,DELIVERED,462441,305091,462441,305091,0,0,False,True,False,True,True,,
constant_n3,fresh,O-ENUM-RECEIVER,1,constant_n3:1,constant_n3/edit/00,DELIVERED,488834,480070,488834,480070,0,0,False,True,True,True,True,,
constant_n3,fresh,O-ENUM-RECEIVER,2,constant_n3:2,constant_n3/edit/01,DELIVERED,69524,58801,69524,58801,0,0,False,True,False,True,True,,
constant_n3,fresh,O-ENUM-RECEIVER,3,constant_n3:3,constant_n3/edit/02,DELIVERED,67780,57416,67780,57416,0,0,False,True,False,True,True,,
constant_n3,fresh,O-ENUM-RECEIVER,4,constant_n3:4,constant_n3/edit/03,DELIVERED,71503,60413,71503,60413,0,0,False,True,False,True,True,,
constant_n3,fresh,O-ENUM-RECEIVER,5,constant_n3:5,constant_n3/edit/04,DELIVERED,71676,60440,71676,60440,0,0,False,True,False,True,True,,
constant_n3,fresh,O-ENUM-RECEIVER,6,constant_n3:6,constant_n3/edit/05,DELIVERED,73340,61739,73340,61739,0,0,False,True,False,True,True,,
constant_n3,fresh,O-ADD-PORTFOLIO,1,constant_n3:1,constant_n3/edit/00,DELIVERED,557902,503009,557902,503009,0,0,False,True,True,True,True,,
constant_n3,fresh,O-ADD-PORTFOLIO,2,constant_n3:2,constant_n3/edit/01,DELIVERED,157972,88464,157972,88464,0,0,False,True,False,True,True,,
constant_n3,fresh,O-ADD-PORTFOLIO,3,constant_n3:3,constant_n3/edit/02,DELIVERED,153815,86383,153815,86383,0,0,False,True,False,True,True,,
constant_n3,fresh,O-ADD-PORTFOLIO,4,constant_n3:4,constant_n3/edit/03,DELIVERED,162261,90664,162261,90664,0,0,False,True,False,True,True,,
constant_n3,fresh,O-ADD-PORTFOLIO,5,constant_n3:5,constant_n3/edit/04,DELIVERED,168218,93608,168218,93608,0,0,False,True,False,True,True,,
constant_n3,fresh,O-ADD-PORTFOLIO,6,constant_n3:6,constant_n3/edit/05,DELIVERED,170769,94871,170769,94871,0,0,False,True,False,True,True,,
parity_reassociation_n6,resident,P-REUSE,1,parity_reassociation_n6:1,parity_reassociation_n6/edit/00,NO_CURRENT_CERTIFICATE,3106238,1047665,3600546,1453748,-494308,-406083,False,True,True,False,False,ResourceExhausted,receiver_old_check
parity_reassociation_n6,resident,P-REUSE,2,parity_reassociation_n6:2,parity_reassociation_n6/edit/01,DELIVERED,3185358,1031177,381390,205874,2803968,825303,True,True,False,True,True,,
parity_reassociation_n6,resident,P-REUSE,3,parity_reassociation_n6:3,parity_reassociation_n6/edit/02,DELIVERED,381346,205886,381346,205886,0,0,True,True,False,True,True,,
parity_reassociation_n6,resident,P-REUSE,4,parity_reassociation_n6:4,parity_reassociation_n6/edit/03,DELIVERED,391880,211157,391880,211157,0,0,True,True,False,True,True,,
parity_reassociation_n6,resident,P-REUSE,5,parity_reassociation_n6:5,parity_reassociation_n6/edit/04,DELIVERED,394187,212281,394187,212281,0,0,True,True,False,True,True,,
parity_reassociation_n6,resident,P-REUSE,6,parity_reassociation_n6:6,parity_reassociation_n6/edit/05,DELIVERED,402535,216848,402535,216848,0,0,True,True,False,True,True,,
parity_reassociation_n6,resident,P-FRESH,1,parity_reassociation_n6:1,parity_reassociation_n6/edit/00,NO_CURRENT_CERTIFICATE,6468652,1047665,7586239,2147982,-1117587,-1100317,False,True,True,False,False,ResourceExhausted,receiver_check
parity_reassociation_n6,resident,P-FRESH,2,parity_reassociation_n6:2,parity_reassociation_n6/edit/01,DELIVERED,3990892,988443,3990860,988439,32,4,True,True,False,True,True,,
parity_reassociation_n6,resident,P-FRESH,3,parity_reassociation_n6:3,parity_reassociation_n6/edit/02,DELIVERED,2174058,561059,2174058,561059,0,0,True,True,False,True,True,,
parity_reassociation_n6,resident,P-FRESH,4,parity_reassociation_n6:4,parity_reassociation_n6/edit/03,DELIVERED,4338906,1045869,4338906,1045869,0,0,True,True,False,True,True,,
parity_reassociation_n6,resident,P-FRESH,5,parity_reassociation_n6:5,parity_reassociation_n6/edit/04,DELIVERED,4236698,838495,4236698,838495,0,0,True,True,False,True,True,,
parity_reassociation_n6,resident,P-FRESH,6,parity_reassociation_n6:6,parity_reassociation_n6/edit/05,DELIVERED,4180113,1020741,4180113,1020741,0,0,True,True,False,True,True,,
parity_reassociation_n6,resident,O-ADD-COLD,1,parity_reassociation_n6:1,parity_reassociation_n6/edit/00,NO_CURRENT_CERTIFICATE,1560369,1047665,1632868,1120023,-72499,-72358,False,True,True,False,False,ResourceExhausted,receiver_storage
parity_reassociation_n6,resident,O-ADD-COLD,2,parity_reassociation_n6:2,parity_reassociation_n6/edit/01,DELIVERED,1216213,696743,1216213,696743,0,0,True,True,False,True,True,,
parity_reassociation_n6,resident,O-ADD-COLD,3,parity_reassociation_n6:3,parity_reassociation_n6/edit/02,DELIVERED,1233081,706135,1233081,706135,0,0,True,True,False,True,True,,
parity_reassociation_n6,resident,O-ADD-COLD,4,parity_reassociation_n6:4,parity_reassociation_n6/edit/03,DELIVERED,1220928,699046,1220928,699046,0,0,True,True,False,True,True,,
parity_reassociation_n6,resident,O-ADD-COLD,5,parity_reassociation_n6:5,parity_reassociation_n6/edit/04,DELIVERED,1261355,721737,1261355,721737,0,0,True,True,False,True,True,,
parity_reassociation_n6,resident,O-ADD-COLD,6,parity_reassociation_n6:6,parity_reassociation_n6/edit/05,DELIVERED,1287922,735291,1287922,735291,0,0,True,True,False,True,True,,
parity_reassociation_n6,resident,O-ADD-WARM,1,parity_reassociation_n6:1,parity_reassociation_n6/edit/00,NO_CURRENT_CERTIFICATE,1562880,1047665,1635376,1120023,-72496,-72358,False,True,True,False,False,ResourceExhausted,receiver_storage
parity_reassociation_n6,resident,O-ADD-WARM,2,parity_reassociation_n6:2,parity_reassociation_n6/edit/01,DELIVERED,1218721,696743,499740,234264,718981,462479,True,True,False,True,True,,
parity_reassociation_n6,resident,O-ADD-WARM,3,parity_reassociation_n6:3,parity_reassociation_n6/edit/02,DELIVERED,529387,250951,535254,254995,-5867,-4044,True,True,False,True,True,,
parity_reassociation_n6,resident,O-ADD-WARM,4,parity_reassociation_n6:4,parity_reassociation_n6/edit/03,DELIVERED,529259,248889,534155,251962,-4896,-3073,True,True,False,True,True,,
parity_reassociation_n6,resident,O-ADD-WARM,5,parity_reassociation_n6:5,parity_reassociation_n6/edit/04,DELIVERED,583101,281495,589695,286266,-6594,-4771,True,True,False,True,True,,
parity_reassociation_n6,resident,O-ADD-WARM,6,parity_reassociation_n6:6,parity_reassociation_n6/edit/05,DELIVERED,605194,291202,610989,295174,-5795,-3972,True,True,False,True,True,,
parity_reassociation_n6,resident,O-ENUM-RECEIVER,1,parity_reassociation_n6:1,parity_reassociation_n6/edit/00,DELIVERED,818419,785739,818419,785739,0,0,False,True,True,True,True,,
parity_reassociation_n6,resident,O-ENUM-RECEIVER,2,parity_reassociation_n6:2,parity_reassociation_n6/edit/01,DELIVERED,280419,246914,280419,246914,0,0,False,True,False,True,True,,
parity_reassociation_n6,resident,O-ENUM-RECEIVER,3,parity_reassociation_n6:3,parity_reassociation_n6/edit/02,DELIVERED,220563,187058,220563,187058,0,0,False,True,False,True,True,,
parity_reassociation_n6,resident,O-ENUM-RECEIVER,4,parity_reassociation_n6:4,parity_reassociation_n6/edit/03,DELIVERED,286226,252200,286226,252200,0,0,False,True,False,True,True,,
parity_reassociation_n6,resident,O-ENUM-RECEIVER,5,parity_reassociation_n6:5,parity_reassociation_n6/edit/04,DELIVERED,269379,234996,269379,234996,0,0,False,True,False,True,True,,
parity_reassociation_n6,resident,O-ENUM-RECEIVER,6,parity_reassociation_n6:6,parity_reassociation_n6/edit/05,DELIVERED,302689,267691,302689,267691,0,0,False,True,False,True,True,,
parity_reassociation_n6,resident,O-ADD-PORTFOLIO,1,parity_reassociation_n6:1,parity_reassociation_n6/edit/00,NO_CURRENT_CERTIFICATE,2231542,1047665,2607342,1328677,-375800,-281012,False,True,True,False,False,ResourceExhausted,receiver_old_check
parity_reassociation_n6,resident,O-ADD-PORTFOLIO,2,parity_reassociation_n6:2,parity_reassociation_n6/edit/01,DELIVERED,2192154,906106,381446,205898,1810708,700208,True,True,False,True,True,,
parity_reassociation_n6,resident,O-ADD-PORTFOLIO,3,parity_reassociation_n6:3,parity_reassociation_n6/edit/02,DELIVERED,381402,205910,381402,205910,0,0,True,True,False,True,True,,
parity_reassociation_n6,resident,O-ADD-PORTFOLIO,4,parity_reassociation_n6:4,parity_reassociation_n6/edit/03,DELIVERED,391936,211181,391936,211181,0,0,True,True,False,True,True,,
parity_reassociation_n6,resident,O-ADD-PORTFOLIO,5,parity_reassociation_n6:5,parity_reassociation_n6/edit/04,DELIVERED,394243,212305,394243,212305,0,0,True,True,False,True,True,,
parity_reassociation_n6,resident,O-ADD-PORTFOLIO,6,parity_reassociation_n6:6,parity_reassociation_n6/edit/05,DELIVERED,402591,216872,402591,216872,0,0,True,True,False,True,True,,
parity_reassociation_n6,fresh,P-REUSE,1,parity_reassociation_n6:1,parity_reassociation_n6/edit/00,NO_CURRENT_CERTIFICATE,3106235,1047665,3600538,1453748,-494303,-406083,False,True,True,False,False,ResourceExhausted,receiver_old_check
parity_reassociation_n6,fresh,P-REUSE,2,parity_reassociation_n6:2,parity_reassociation_n6/edit/01,DELIVERED,3185350,1031177,1210788,1031177,1974562,0,True,True,False,True,True,,
parity_reassociation_n6,fresh,P-REUSE,3,parity_reassociation_n6:3,parity_reassociation_n6/edit/02,DELIVERED,1210744,1031189,1210744,1031189,0,0,True,True,False,True,True,,
parity_reassociation_n6,fresh,P-REUSE,4,parity_reassociation_n6:4,parity_reassociation_n6/edit/03,DELIVERED,1221278,1036460,1221278,1036460,0,0,True,True,False,True,True,,
parity_reassociation_n6,fresh,P-REUSE,5,parity_reassociation_n6:5,parity_reassociation_n6/edit/04,DELIVERED,1223585,1037584,1223585,1037584,0,0,True,True,False,True,True,,
parity_reassociation_n6,fresh,P-REUSE,6,parity_reassociation_n6:6,parity_reassociation_n6/edit/05,DELIVERED,1231933,1042151,1231933,1042151,0,0,True,True,False,True,True,,
parity_reassociation_n6,fresh,P-FRESH,1,parity_reassociation_n6:1,parity_reassociation_n6/edit/00,NO_CURRENT_CERTIFICATE,6468649,1047665,7586231,2147982,-1117582,-1100317,False,True,True,False,False,ResourceExhausted,receiver_check
parity_reassociation_n6,fresh,P-FRESH,2,parity_reassociation_n6:2,parity_reassociation_n6/edit/01,DELIVERED,3990884,988443,3990867,988443,17,0,True,True,False,True,True,,
parity_reassociation_n6,fresh,P-FRESH,3,parity_reassociation_n6:3,parity_reassociation_n6/edit/02,DELIVERED,2174065,561063,2174065,561063,0,0,True,True,False,True,True,,
parity_reassociation_n6,fresh,P-FRESH,4,parity_reassociation_n6:4,parity_reassociation_n6/edit/03,DELIVERED,4338913,1045873,4338913,1045873,0,0,True,True,False,True,True,,
parity_reassociation_n6,fresh,P-FRESH,5,parity_reassociation_n6:5,parity_reassociation_n6/edit/04,DELIVERED,4236705,838499,4236705,838499,0,0,True,True,False,True,True,,
parity_reassociation_n6,fresh,P-FRESH,6,parity_reassociation_n6:6,parity_reassociation_n6/edit/05,DELIVERED,4180120,1020745,4180120,1020745,0,0,True,True,False,True,True,,
parity_reassociation_n6,fresh,O-ADD-COLD,1,parity_reassociation_n6:1,parity_reassociation_n6/edit/00,NO_CURRENT_CERTIFICATE,1560369,1047665,1632866,1120023,-72497,-72358,False,True,True,False,False,ResourceExhausted,receiver_storage
parity_reassociation_n6,fresh,O-ADD-COLD,2,parity_reassociation_n6:2,parity_reassociation_n6/edit/01,DELIVERED,1216211,696743,1216211,696743,0,0,True,True,False,True,True,,
parity_reassociation_n6,fresh,O-ADD-COLD,3,parity_reassociation_n6:3,parity_reassociation_n6/edit/02,DELIVERED,1233079,706135,1233079,706135,0,0,True,True,False,True,True,,
parity_reassociation_n6,fresh,O-ADD-COLD,4,parity_reassociation_n6:4,parity_reassociation_n6/edit/03,DELIVERED,1220926,699046,1220926,699046,0,0,True,True,False,True,True,,
parity_reassociation_n6,fresh,O-ADD-COLD,5,parity_reassociation_n6:5,parity_reassociation_n6/edit/04,DELIVERED,1261353,721737,1261353,721737,0,0,True,True,False,True,True,,
parity_reassociation_n6,fresh,O-ADD-COLD,6,parity_reassociation_n6:6,parity_reassociation_n6/edit/05,DELIVERED,1287920,735291,1287920,735291,0,0,True,True,False,True,True,,
parity_reassociation_n6,fresh,O-ADD-WARM,1,parity_reassociation_n6:1,parity_reassociation_n6/edit/00,NO_CURRENT_CERTIFICATE,1560377,1047665,1632871,1120023,-72494,-72358,False,True,True,False,False,ResourceExhausted,receiver_storage
parity_reassociation_n6,fresh,O-ADD-WARM,2,parity_reassociation_n6:2,parity_reassociation_n6/edit/01,DELIVERED,1216216,696743,1085382,703601,130834,-6858,True,True,False,True,True,,
parity_reassociation_n6,fresh,O-ADD-WARM,3,parity_reassociation_n6:3,parity_reassociation_n6/edit/02,DELIVERED,1117552,721663,1127138,728521,-9586,-6858,True,True,False,True,True,,
parity_reassociation_n6,fresh,O-ADD-WARM,4,parity_reassociation_n6:4,parity_reassociation_n6/edit/03,DELIVERED,1141350,739548,1150936,746406,-9586,-6858,True,True,False,True,True,,
parity_reassociation_n6,fresh,O-ADD-WARM,5,parity_reassociation_n6:5,parity_reassociation_n6/edit/04,DELIVERED,1202745,777600,1212331,784458,-9586,-6858,True,True,False,True,True,,
parity_reassociation_n6,fresh,O-ADD-WARM,6,parity_reassociation_n6:6,parity_reassociation_n6/edit/05,DELIVERED,1258509,814589,1268095,821447,-9586,-6858,True,True,False,True,True,,
parity_reassociation_n6,fresh,O-ENUM-RECEIVER,1,parity_reassociation_n6:1,parity_reassociation_n6/edit/00,DELIVERED,818417,785739,818417,785739,0,0,False,True,True,True,True,,
parity_reassociation_n6,fresh,O-ENUM-RECEIVER,2,parity_reassociation_n6:2,parity_reassociation_n6/edit/01,DELIVERED,280417,246914,280417,246914,0,0,False,True,False,True,True,,
parity_reassociation_n6,fresh,O-ENUM-RECEIVER,3,parity_reassociation_n6:3,parity_reassociation_n6/edit/02,DELIVERED,220561,187058,220561,187058,0,0,False,True,False,True,True,,
parity_reassociation_n6,fresh,O-ENUM-RECEIVER,4,parity_reassociation_n6:4,parity_reassociation_n6/edit/03,DELIVERED,286224,252200,286224,252200,0,0,False,True,False,True,True,,
parity_reassociation_n6,fresh,O-ENUM-RECEIVER,5,parity_reassociation_n6:5,parity_reassociation_n6/edit/04,DELIVERED,269377,234996,269377,234996,0,0,False,True,False,True,True,,
parity_reassociation_n6,fresh,O-ENUM-RECEIVER,6,parity_reassociation_n6:6,parity_reassociation_n6/edit/05,DELIVERED,302687,267691,302687,267691,0,0,False,True,False,True,True,,
parity_reassociation_n6,fresh,O-ADD-PORTFOLIO,1,parity_reassociation_n6:1,parity_reassociation_n6/edit/00,NO_CURRENT_CERTIFICATE,2231539,1047665,2607334,1328677,-375795,-281012,False,True,True,False,False,ResourceExhausted,receiver_old_check
parity_reassociation_n6,fresh,O-ADD-PORTFOLIO,2,parity_reassociation_n6:2,parity_reassociation_n6/edit/01,DELIVERED,2192146,906106,1092293,906106,1099853,0,True,True,False,True,True,,
parity_reassociation_n6,fresh,O-ADD-PORTFOLIO,3,parity_reassociation_n6:3,parity_reassociation_n6/edit/02,DELIVERED,1092249,906118,1092249,906118,0,0,True,True,False,True,True,,
parity_reassociation_n6,fresh,O-ADD-PORTFOLIO,4,parity_reassociation_n6:4,parity_reassociation_n6/edit/03,DELIVERED,1102783,911389,1102783,911389,0,0,True,True,False,True,True,,
parity_reassociation_n6,fresh,O-ADD-PORTFOLIO,5,parity_reassociation_n6:5,parity_reassociation_n6/edit/04,DELIVERED,1105090,912513,1105090,912513,0,0,True,True,False,True,True,,
parity_reassociation_n6,fresh,O-ADD-PORTFOLIO,6,parity_reassociation_n6:6,parity_reassociation_n6/edit/05,DELIVERED,1113438,917080,1113438,917080,0,0,True,True,False,True,True,,
complementary_k3_n5,resident,P-REUSE,1,complementary_k3_n5:1,complementary_k3_n5/edit/00,NO_CURRENT_CERTIFICATE,2091715,1047665,2266232,1177824,-174517,-130159,False,True,True,False,False,ResourceExhausted,receiver_check
complementary_k3_n5,resident,P-REUSE,2,complementary_k3_n5:2,complementary_k3_n5/edit/01,DELIVERED,1863903,757141,775005,318076,1088898,439065,True,True,False,True,True,,
complementary_k3_n5,resident,P-REUSE,3,complementary_k3_n5:3,complementary_k3_n5/edit/02,DELIVERED,774300,317020,774300,317020,0,0,True,True,False,True,True,,
complementary_k3_n5,resident,P-REUSE,4,complementary_k3_n5:4,complementary_k3_n5/edit/03,DELIVERED,831045,336443,831045,336443,0,0,True,True,False,True,True,,
complementary_k3_n5,resident,P-REUSE,5,complementary_k3_n5:5,complementary_k3_n5/edit/04,DELIVERED,828419,334543,828419,334543,0,0,True,True,False,True,True,,
complementary_k3_n5,resident,P-REUSE,6,complementary_k3_n5:6,complementary_k3_n5/edit/05,DELIVERED,849991,342095,849991,342095,0,0,True,True,False,True,True,,
complementary_k3_n5,resident,P-FRESH,1,complementary_k3_n5:1,complementary_k3_n5/edit/00,DELIVERED,2538017,878991,2538017,878991,0,0,False,True,True,True,True,,
complementary_k3_n5,resident,P-FRESH,2,complementary_k3_n5:2,complementary_k3_n5/edit/01,DELIVERED,1641119,336543,1641119,336543,0,0,False,True,False,True,True,,
complementary_k3_n5,resident,P-FRESH,3,complementary_k3_n5:3,complementary_k3_n5/edit/02,DELIVERED,1185540,265737,1185540,265737,0,0,False,True,False,True,True,,
complementary_k3_n5,resident,P-FRESH,4,complementary_k3_n5:4,complementary_k3_n5/edit/03,DELIVERED,1302835,290147,1302835,290147,0,0,False,True,False,True,True,,
complementary_k3_n5,resident,P-FRESH,5,complementary_k3_n5:5,complementary_k3_n5/edit/04,DELIVERED,2088733,429929,2088733,429929,0,0,False,True,False,True,True,,
complementary_k3_n5,resident,P-FRESH,6,complementary_k3_n5:6,complementary_k3_n5/edit/05,DELIVERED,1329611,292249,1329611,292249,0,0,False,True,False,True,True,,
complementary_k3_n5,resident,O-ADD-COLD,1,complementary_k3_n5:1,complementary_k3_n5/edit/00,DELIVERED,1326766,935349,1326766,935349,0,0,False,True,True,True,True,,
complementary_k3_n5,resident,O-ADD-COLD,2,complementary_k3_n5:2,complementary_k3_n5/edit/01,DELIVERED,980978,553460,980978,553460,0,0,False,True,False,True,True,,
complementary_k3_n5,resident,O-ADD-COLD,3,complementary_k3_n5:3,complementary_k3_n5/edit/02,DELIVERED,1021004,576996,1021004,576996,0,0,False,True,False,True,True,,
complementary_k3_n5,resident,O-ADD-COLD,4,complementary_k3_n5:4,complementary_k3_n5/edit/03,DELIVERED,1108504,625384,1108504,625384,0,0,False,True,False,True,True,,
complementary_k3_n5,resident,O-ADD-COLD,5,complementary_k3_n5:5,complementary_k3_n5/edit/04,DELIVERED,1074152,604505,1074152,604505,0,0,False,True,False,True,True,,
complementary_k3_n5,resident,O-ADD-COLD,6,complementary_k3_n5:6,complementary_k3_n5/edit/05,DELIVERED,1163678,654308,1163678,654308,0,0,False,True,False,True,True,,
complementary_k3_n5,resident,O-ADD-WARM,1,complementary_k3_n5:1,complementary_k3_n5/edit/00,DELIVERED,1329229,935349,1329229,935349,0,0,False,True,True,True,True,,
complementary_k3_n5,resident,O-ADD-WARM,2,complementary_k3_n5:2,complementary_k3_n5/edit/01,DELIVERED,561448,281965,561448,281965,0,0,False,True,False,True,True,,
complementary_k3_n5,resident,O-ADD-WARM,3,complementary_k3_n5:3,complementary_k3_n5/edit/02,DELIVERED,608872,309011,608872,309011,0,0,False,True,False,True,True,,
complementary_k3_n5,resident,O-ADD-WARM,4,complementary_k3_n5:4,complementary_k3_n5/edit/03,DELIVERED,731692,379818,731692,379818,0,0,False,True,False,True,True,,
complementary_k3_n5,resident,O-ADD-WARM,5,complementary_k3_n5:5,complementary_k3_n5/edit/04,DELIVERED,717737,360524,717737,360524,0,0,False,True,False,True,True,,
complementary_k3_n5,resident,O-ADD-WARM,6,complementary_k3_n5:6,complementary_k3_n5/edit/05,DELIVERED,793358,399945,793358,399945,0,0,False,True,False,True,True,,
complementary_k3_n5,resident,O-ENUM-RECEIVER,1,complementary_k3_n5:1,complementary_k3_n5/edit/00,DELIVERED,695401,653876,695401,653876,0,0,False,True,True,True,True,,
complementary_k3_n5,resident,O-ENUM-RECEIVER,2,complementary_k3_n5:2,complementary_k3_n5/edit/01,DELIVERED,251325,208975,251325,208975,0,0,False,True,False,True,True,,
complementary_k3_n5,resident,O-ENUM-RECEIVER,3,complementary_k3_n5:3,complementary_k3_n5/edit/02,DELIVERED,241026,198668,241026,198668,0,0,False,True,False,True,True,,
complementary_k3_n5,resident,O-ENUM-RECEIVER,4,complementary_k3_n5:4,complementary_k3_n5/edit/03,DELIVERED,257515,213159,257515,213159,0,0,False,True,False,True,True,,
complementary_k3_n5,resident,O-ENUM-RECEIVER,5,complementary_k3_n5:5,complementary_k3_n5/edit/04,DELIVERED,277642,233264,277642,233264,0,0,False,True,False,True,True,,
complementary_k3_n5,resident,O-ENUM-RECEIVER,6,complementary_k3_n5:6,complementary_k3_n5/edit/05,DELIVERED,258836,213511,258836,213511,0,0,False,True,False,True,True,,
complementary_k3_n5,resident,O-ADD-PORTFOLIO,1,complementary_k3_n5:1,complementary_k3_n5/edit/00,NO_CURRENT_CERTIFICATE,2055819,1047665,2711234,1348251,-655415,-300586,False,True,True,False,False,ResourceExhausted,receiver_old_check
complementary_k3_n5,resident,O-ADD-PORTFOLIO,2,complementary_k3_n5:2,complementary_k3_n5/edit/01,DELIVERED,2308905,927568,775109,318124,1533796,609444,True,True,False,True,True,,
complementary_k3_n5,resident,O-ADD-PORTFOLIO,3,complementary_k3_n5:3,complementary_k3_n5/edit/02,DELIVERED,774404,317068,774404,317068,0,0,True,True,False,True,True,,
complementary_k3_n5,resident,O-ADD-PORTFOLIO,4,complementary_k3_n5:4,complementary_k3_n5/edit/03,DELIVERED,831149,336491,831149,336491,0,0,True,True,False,True,True,,
complementary_k3_n5,resident,O-ADD-PORTFOLIO,5,complementary_k3_n5:5,complementary_k3_n5/edit/04,DELIVERED,828523,334591,828523,334591,0,0,True,True,False,True,True,,
complementary_k3_n5,resident,O-ADD-PORTFOLIO,6,complementary_k3_n5:6,complementary_k3_n5/edit/05,DELIVERED,850095,342143,850095,342143,0,0,True,True,False,True,True,,
complementary_k3_n5,fresh,P-REUSE,1,complementary_k3_n5:1,complementary_k3_n5/edit/00,NO_CURRENT_CERTIFICATE,2091712,1047665,2266224,1177824,-174512,-130159,False,True,True,False,False,ResourceExhausted,receiver_check
complementary_k3_n5,fresh,P-REUSE,2,complementary_k3_n5:2,complementary_k3_n5/edit/01,DELIVERED,1863895,757141,1218250,757141,645645,0,True,True,False,True,True,,
complementary_k3_n5,fresh,P-REUSE,3,complementary_k3_n5:3,complementary_k3_n5/edit/02,DELIVERED,1217545,756085,1217545,756085,0,0,True,True,False,True,True,,
complementary_k3_n5,fresh,P-REUSE,4,complementary_k3_n5:4,complementary_k3_n5/edit/03,DELIVERED,1274290,775508,1274290,775508,0,0,True,True,False,True,True,,
complementary_k3_n5,fresh,P-REUSE,5,complementary_k3_n5:5,complementary_k3_n5/edit/04,DELIVERED,1271664,773608,1271664,773608,0,0,True,True,False,True,True,,
complementary_k3_n5,fresh,P-REUSE,6,complementary_k3_n5:6,complementary_k3_n5/edit/05,DELIVERED,1293236,781160,1293236,781160,0,0,True,True,False,True,True,,
complementary_k3_n5,fresh,P-FRESH,1,complementary_k3_n5:1,complementary_k3_n5/edit/00,DELIVERED,2538009,878991,2538009,878991,0,0,False,True,True,True,True,,
complementary_k3_n5,fresh,P-FRESH,2,complementary_k3_n5:2,complementary_k3_n5/edit/01,DELIVERED,1641126,336547,1641126,336547,0,0,False,True,False,True,True,,
complementary_k3_n5,fresh,P-FRESH,3,complementary_k3_n5:3,complementary_k3_n5/edit/02,DELIVERED,1185547,265741,1185547,265741,0,0,False,True,False,True,True,,
complementary_k3_n5,fresh,P-FRESH,4,complementary_k3_n5:4,complementary_k3_n5/edit/03,DELIVERED,1302842,290151,1302842,290151,0,0,False,True,False,True,True,,
complementary_k3_n5,fresh,P-FRESH,5,complementary_k3_n5:5,complementary_k3_n5/edit/04,DELIVERED,2088740,429933,2088740,429933,0,0,False,True,False,True,True,,
complementary_k3_n5,fresh,P-FRESH,6,complementary_k3_n5:6,complementary_k3_n5/edit/05,DELIVERED,1329618,292253,1329618,292253,0,0,False,True,False,True,True,,
complementary_k3_n5,fresh,O-ADD-COLD,1,complementary_k3_n5:1,complementary_k3_n5/edit/00,DELIVERED,1326764,935349,1326764,935349,0,0,False,True,True,True,True,,
complementary_k3_n5,fresh,O-ADD-COLD,2,complementary_k3_n5:2,complementary_k3_n5/edit/01,DELIVERED,980976,553460,980976,553460,0,0,False,True,False,True,True,,
complementary_k3_n5,fresh,O-ADD-COLD,3,complementary_k3_n5:3,complementary_k3_n5/edit/02,DELIVERED,1021002,576996,1021002,576996,0,0,False,True,False,True,True,,
complementary_k3_n5,fresh,O-ADD-COLD,4,complementary_k3_n5:4,complementary_k3_n5/edit/03,DELIVERED,1108502,625384,1108502,625384,0,0,False,True,False,True,True,,
complementary_k3_n5,fresh,O-ADD-COLD,5,complementary_k3_n5:5,complementary_k3_n5/edit/04,DELIVERED,1074116,604505,1074116,604505,0,0,False,True,False,True,True,,
complementary_k3_n5,fresh,O-ADD-COLD,6,complementary_k3_n5:6,complementary_k3_n5/edit/05,DELIVERED,1163642,654308,1163642,654308,0,0,False,True,False,True,True,,
complementary_k3_n5,fresh,O-ADD-WARM,1,complementary_k3_n5:1,complementary_k3_n5/edit/00,DELIVERED,1326769,935349,1326769,935349,0,0,False,True,True,True,True,,
complementary_k3_n5,fresh,O-ADD-WARM,2,complementary_k3_n5:2,complementary_k3_n5/edit/01,DELIVERED,919588,565798,919588,565798,0,0,False,True,False,True,True,,
complementary_k3_n5,fresh,O-ADD-WARM,3,complementary_k3_n5:3,complementary_k3_n5/edit/02,DELIVERED,1013299,631605,1013299,631605,0,0,False,True,False,True,True,,
complementary_k3_n5,fresh,O-ADD-WARM,4,complementary_k3_n5:4,complementary_k3_n5/edit/03,DELIVERED,1181939,740549,1181939,740549,0,0,False,True,False,True,True,,
complementary_k3_n5,fresh,O-ADD-WARM,5,complementary_k3_n5:5,complementary_k3_n5/edit/04,DELIVERED,1268578,809001,1268578,809001,0,0,False,True,False,True,True,,
complementary_k3_n5,fresh,O-ADD-WARM,6,complementary_k3_n5:6,complementary_k3_n5/edit/05,DELIVERED,1400095,895182,1400095,895182,0,0,False,True,False,True,True,,
complementary_k3_n5,fresh,O-ENUM-RECEIVER,1,complementary_k3_n5:1,complementary_k3_n5/edit/00,DELIVERED,695399,653876,695399,653876,0,0,False,True,True,True,True,,
complementary_k3_n5,fresh,O-ENUM-RECEIVER,2,complementary_k3_n5:2,complementary_k3_n5/edit/01,DELIVERED,251323,208975,251323,208975,0,0,False,True,False,True,True,,
complementary_k3_n5,fresh,O-ENUM-RECEIVER,3,complementary_k3_n5:3,complementary_k3_n5/edit/02,DELIVERED,241024,198668,241024,198668,0,0,False,True,False,True,True,,
complementary_k3_n5,fresh,O-ENUM-RECEIVER,4,complementary_k3_n5:4,complementary_k3_n5/edit/03,DELIVERED,257513,213159,257513,213159,0,0,False,True,False,True,True,,
complementary_k3_n5,fresh,O-ENUM-RECEIVER,5,complementary_k3_n5:5,complementary_k3_n5/edit/04,DELIVERED,277640,233264,277640,233264,0,0,False,True,False,True,True,,
complementary_k3_n5,fresh,O-ENUM-RECEIVER,6,complementary_k3_n5:6,complementary_k3_n5/edit/05,DELIVERED,258834,213511,258834,213511,0,0,False,True,False,True,True,,
complementary_k3_n5,fresh,O-ADD-PORTFOLIO,1,complementary_k3_n5:1,complementary_k3_n5/edit/00,NO_CURRENT_CERTIFICATE,2055816,1047665,2711226,1348251,-655410,-300586,False,True,True,False,False,ResourceExhausted,receiver_old_check
complementary_k3_n5,fresh,O-ADD-PORTFOLIO,2,complementary_k3_n5:2,complementary_k3_n5/edit/01,DELIVERED,2308897,927568,1394788,927568,914109,0,True,True,False,True,True,,
complementary_k3_n5,fresh,O-ADD-PORTFOLIO,3,complementary_k3_n5:3,complementary_k3_n5/edit/02,DELIVERED,1394083,926512,1394083,926512,0,0,True,True,False,True,True,,
complementary_k3_n5,fresh,O-ADD-PORTFOLIO,4,complementary_k3_n5:4,complementary_k3_n5/edit/03,DELIVERED,1450828,945935,1450828,945935,0,0,True,True,False,True,True,,
complementary_k3_n5,fresh,O-ADD-PORTFOLIO,5,complementary_k3_n5:5,complementary_k3_n5/edit/04,DELIVERED,1448202,944035,1448202,944035,0,0,True,True,False,True,True,,
complementary_k3_n5,fresh,O-ADD-PORTFOLIO,6,complementary_k3_n5:6,complementary_k3_n5/edit/05,DELIVERED,1469774,951587,1469774,951587,0,0,True,True,False,True,True,,
complementary_k5_n7,resident,P-REUSE,1,complementary_k5_n7:1,complementary_k5_n7/edit/00,NO_CURRENT_CERTIFICATE,3560268,1047665,4857896,1902386,-1297628,-854721,False,True,True,False,False,ResourceExhausted,receiver_storage
complementary_k5_n7,resident,P-REUSE,2,complementary_k5_n7:2,complementary_k5_n7/edit/01,NO_CURRENT_CERTIFICATE,3562716,1047665,973113,397090,2589603,650575,True,True,False,True,True,ResourceExhausted,receiver_old_check
complementary_k5_n7,resident,P-REUSE,3,complementary_k5_n7:3,complementary_k5_n7/edit/02,NO_CURRENT_CERTIFICATE,3562901,1047665,971274,395278,2591627,652387,True,True,False,True,True,ResourceExhausted,receiver_old_check
complementary_k5_n7,resident,P-REUSE,4,complementary_k5_n7:4,complementary_k5_n7/edit/03,NO_CURRENT_CERTIFICATE,3569752,1047665,1029153,415457,2540599,632208,True,True,False,True,True,ResourceExhausted,receiver_old_check
complementary_k5_n7,resident,P-REUSE,5,complementary_k5_n7:5,complementary_k5_n7/edit/04,NO_CURRENT_CERTIFICATE,3569892,1047665,1024847,412437,2545045,635228,True,True,False,True,True,ResourceExhausted,receiver_old_check
complementary_k5_n7,resident,P-REUSE,6,complementary_k5_n7:6,complementary_k5_n7/edit/05,NO_CURRENT_CERTIFICATE,3572712,1047665,1046965,420353,2525747,627312,True,True,False,True,True,ResourceExhausted,receiver_old_check
complementary_k5_n7,resident,P-FRESH,1,complementary_k5_n7:1,complementary_k5_n7/edit/00,NO_CURRENT_CERTIFICATE,9110083,1047665,10222373,2132375,-1112290,-1084710,False,True,True,False,False,ResourceExhausted,receiver_check
complementary_k5_n7,resident,P-FRESH,2,complementary_k5_n7:2,complementary_k5_n7/edit/01,DELIVERED,5777255,1011983,5777223,1011979,32,4,True,True,False,True,True,,
complementary_k5_n7,resident,P-FRESH,3,complementary_k5_n7:3,complementary_k5_n7/edit/02,DELIVERED,4622204,644810,4622204,644810,0,0,True,True,False,True,True,,
complementary_k5_n7,resident,P-FRESH,4,complementary_k5_n7:4,complementary_k5_n7/edit/03,DELIVERED,4292220,674482,4292220,674482,0,0,True,True,False,True,True,,
complementary_k5_n7,resident,P-FRESH,5,complementary_k5_n7:5,complementary_k5_n7/edit/04,NO_CURRENT_CERTIFICATE,8071822,1047665,8501925,1450252,-430103,-402587,True,True,False,False,False,ResourceExhausted,receiver_check
complementary_k5_n7,resident,P-FRESH,6,complementary_k5_n7:6,complementary_k5_n7/edit/05,DELIVERED,4117289,678918,4117257,678914,32,4,True,True,False,True,True,,
complementary_k5_n7,resident,O-ADD-COLD,1,complementary_k5_n7:1,complementary_k5_n7/edit/00,NO_CURRENT_CERTIFICATE,1487798,1047665,1809604,1204733,-321806,-157068,False,True,True,False,False,ResourceExhausted,receiver_check
complementary_k5_n7,resident,O-ADD-COLD,2,complementary_k5_n7:2,complementary_k5_n7/edit/01,DELIVERED,1458181,819459,1458181,819459,0,0,True,True,False,True,True,,
complementary_k5_n7,resident,O-ADD-COLD,3,complementary_k5_n7:3,complementary_k5_n7/edit/02,DELIVERED,1549644,874100,1549644,874100,0,0,True,True,False,True,True,,
complementary_k5_n7,resident,O-ADD-COLD,4,complementary_k5_n7:4,complementary_k5_n7/edit/03,DELIVERED,1644431,927061,1644431,927061,0,0,True,True,False,True,True,,
complementary_k5_n7,resident,O-ADD-COLD,5,complementary_k5_n7:5,complementary_k5_n7/edit/04,DELIVERED,1555371,872848,1555371,872848,0,0,True,True,False,True,True,,
complementary_k5_n7,resident,O-ADD-COLD,6,complementary_k5_n7:6,complementary_k5_n7/edit/05,DELIVERED,1676897,941811,1676897,941811,0,0,True,True,False,True,True,,
complementary_k5_n7,resident,O-ADD-WARM,1,complementary_k5_n7:1,complementary_k5_n7/edit/00,NO_CURRENT_CERTIFICATE,1487811,1047665,1812148,1204733,-324337,-157068,False,True,True,False,False,ResourceExhausted,receiver_check
complementary_k5_n7,resident,O-ADD-WARM,2,complementary_k5_n7:2,complementary_k5_n7/edit/01,DELIVERED,1460725,819459,719649,344708,741076,474751,True,True,False,True,True,,
complementary_k5_n7,resident,O-ADD-WARM,3,complementary_k5_n7:3,complementary_k5_n7/edit/02,DELIVERED,835317,412428,851343,424621,-16026,-12193,True,True,False,True,True,,
complementary_k5_n7,resident,O-ADD-WARM,4,complementary_k5_n7:4,complementary_k5_n7/edit/03,DELIVERED,962694,481477,968575,488341,-5881,-6864,True,True,False,True,True,,
complementary_k5_n7,resident,O-ADD-WARM,5,complementary_k5_n7:5,complementary_k5_n7/edit/04,DELIVERED,921375,444752,930773,451960,-9398,-7208,True,True,False,True,True,,
complementary_k5_n7,resident,O-ADD-WARM,6,complementary_k5_n7:6,complementary_k5_n7/edit/05,DELIVERED,1044997,513965,1054878,521656,-9881,-7691,True,True,False,True,True,,
complementary_k5_n7,resident,O-ENUM-RECEIVER,1,complementary_k5_n7:1,complementary_k5_n7/edit/00,NO_CURRENT_CERTIFICATE,1082273,1047665,1287697,1232012,-205424,-184347,False,True,True,False,False,ResourceExhausted,receiver_check
complementary_k5_n7,resident,O-ENUM-RECEIVER,2,complementary_k5_n7:2,complementary_k5_n7/edit/01,DELIVERED,751621,695111,751621,695111,0,0,True,True,False,True,True,,
complementary_k5_n7,resident,O-ENUM-RECEIVER,3,complementary_k5_n7:3,complementary_k5_n7/edit/02,DELIVERED,692016,635498,692016,635498,0,0,True,True,False,True,True,,
complementary_k5_n7,resident,O-ENUM-RECEIVER,4,complementary_k5_n7:4,complementary_k5_n7/edit/03,DELIVERED,724297,665781,724297,665781,0,0,True,True,False,True,True,,
complementary_k5_n7,resident,O-ENUM-RECEIVER,5,complementary_k5_n7:5,complementary_k5_n7/edit/04,DELIVERED,844396,785858,844396,785858,0,0,True,True,False,True,True,,
complementary_k5_n7,resident,O-ENUM-RECEIVER,6,complementary_k5_n7:6,complementary_k5_n7/edit/05,DELIVERED,717638,658153,717638,658153,0,0,True,True,False,True,True,,
complementary_k5_n7,resident,O-ADD-PORTFOLIO,1,complementary_k5_n7:1,complementary_k5_n7/edit/00,NO_CURRENT_CERTIFICATE,2582427,1047665,3698328,1713104,-1115901,-665439,False,True,True,False,False,ResourceExhausted,receiver_old_check
complementary_k5_n7,resident,O-ADD-PORTFOLIO,2,complementary_k5_n7:2,complementary_k5_n7/edit/01,NO_CURRENT_CERTIFICATE,2987690,1047665,973217,397138,2014473,650527,True,True,False,True,True,ResourceExhausted,receiver_import
complementary_k5_n7,resident,O-ADD-PORTFOLIO,3,complementary_k5_n7:3,complementary_k5_n7/edit/02,NO_CURRENT_CERTIFICATE,2987651,1047665,971378,395326,2016273,652339,True,True,False,True,True,ResourceExhausted,receiver_import
complementary_k5_n7,resident,O-ADD-PORTFOLIO,4,complementary_k5_n7:4,complementary_k5_n7/edit/03,NO_CURRENT_CERTIFICATE,3025093,1047665,1029257,415505,1995836,632160,True,True,False,True,True,ResourceExhausted,receiver_import
complementary_k5_n7,resident,O-ADD-PORTFOLIO,5,complementary_k5_n7:5,complementary_k5_n7/edit/04,NO_CURRENT_CERTIFICATE,3023799,1047665,1024951,412485,1998848,635180,True,True,False,True,True,ResourceExhausted,receiver_import
complementary_k5_n7,resident,O-ADD-PORTFOLIO,6,complementary_k5_n7:6,complementary_k5_n7/edit/05,NO_CURRENT_CERTIFICATE,3037923,1047665,1047069,420401,1990854,627264,True,True,False,True,True,ResourceExhausted,receiver_import
complementary_k5_n7,fresh,P-REUSE,1,complementary_k5_n7:1,complementary_k5_n7/edit/00,NO_CURRENT_CERTIFICATE,3560265,1047665,4857888,1902386,-1297623,-854721,False,True,True,False,False,ResourceExhausted,receiver_storage
complementary_k5_n7,fresh,P-REUSE,2,complementary_k5_n7:2,complementary_k5_n7/edit/01,NO_CURRENT_CERTIFICATE,3562713,1047665,2063882,1481703,1498831,-434038,True,True,False,False,False,ResourceExhausted,receiver_old_check
complementary_k5_n7,fresh,P-REUSE,3,complementary_k5_n7:3,complementary_k5_n7/edit/02,NO_CURRENT_CERTIFICATE,3562898,1047665,2062043,1479891,1500855,-432226,True,True,False,False,False,ResourceExhausted,receiver_old_check
complementary_k5_n7,fresh,P-REUSE,4,complementary_k5_n7:4,complementary_k5_n7/edit/03,NO_CURRENT_CERTIFICATE,3569749,1047665,2119922,1500070,1449827,-452405,True,True,False,False,False,ResourceExhausted,receiver_old_check
complementary_k5_n7,fresh,P-REUSE,5,complementary_k5_n7:5,complementary_k5_n7/edit/04,NO_CURRENT_CERTIFICATE,3569889,1047665,2115616,1497050,1454273,-449385,True,True,False,False,False,ResourceExhausted,receiver_old_check
complementary_k5_n7,fresh,P-REUSE,6,complementary_k5_n7:6,complementary_k5_n7/edit/05,NO_CURRENT_CERTIFICATE,3572709,1047665,2137734,1504966,1434975,-457301,True,True,False,False,False,ResourceExhausted,receiver_old_check
complementary_k5_n7,fresh,P-FRESH,1,complementary_k5_n7:1,complementary_k5_n7/edit/00,NO_CURRENT_CERTIFICATE,9110080,1047665,10222365,2132375,-1112285,-1084710,False,True,True,False,False,ResourceExhausted,receiver_check
complementary_k5_n7,fresh,P-FRESH,2,complementary_k5_n7:2,complementary_k5_n7/edit/01,DELIVERED,5777247,1011983,5777230,1011983,17,0,True,True,False,True,True,,
complementary_k5_n7,fresh,P-FRESH,3,complementary_k5_n7:3,complementary_k5_n7/edit/02,DELIVERED,4622211,644814,4622211,644814,0,0,True,True,False,True,True,,
complementary_k5_n7,fresh,P-FRESH,4,complementary_k5_n7:4,complementary_k5_n7/edit/03,DELIVERED,4292227,674486,4292227,674486,0,0,True,True,False,True,True,,
complementary_k5_n7,fresh,P-FRESH,5,complementary_k5_n7:5,complementary_k5_n7/edit/04,NO_CURRENT_CERTIFICATE,8071830,1047665,8501932,1450256,-430102,-402591,True,True,False,False,False,ResourceExhausted,receiver_check
complementary_k5_n7,fresh,P-FRESH,6,complementary_k5_n7:6,complementary_k5_n7/edit/05,DELIVERED,4117281,678918,4117264,678918,17,0,True,True,False,True,True,,
complementary_k5_n7,fresh,O-ADD-COLD,1,complementary_k5_n7:1,complementary_k5_n7/edit/00,NO_CURRENT_CERTIFICATE,1487798,1047665,1809602,1204733,-321804,-157068,False,True,True,False,False,ResourceExhausted,receiver_check
complementary_k5_n7,fresh,O-ADD-COLD,2,complementary_k5_n7:2,complementary_k5_n7/edit/01,DELIVERED,1458179,819459,1458179,819459,0,0,True,True,False,True,True,,
complementary_k5_n7,fresh,O-ADD-COLD,3,complementary_k5_n7:3,complementary_k5_n7/edit/02,DELIVERED,1549642,874100,1549642,874100,0,0,True,True,False,True,True,,
complementary_k5_n7,fresh,O-ADD-COLD,4,complementary_k5_n7:4,complementary_k5_n7/edit/03,DELIVERED,1644429,927061,1644429,927061,0,0,True,True,False,True,True,,
complementary_k5_n7,fresh,O-ADD-COLD,5,complementary_k5_n7:5,complementary_k5_n7/edit/04,DELIVERED,1555369,872848,1555369,872848,0,0,True,True,False,True,True,,
complementary_k5_n7,fresh,O-ADD-COLD,6,complementary_k5_n7:6,complementary_k5_n7/edit/05,DELIVERED,1676895,941811,1676895,941811,0,0,True,True,False,True,True,,
complementary_k5_n7,fresh,O-ADD-WARM,1,complementary_k5_n7:1,complementary_k5_n7/edit/00,NO_CURRENT_CERTIFICATE,1487806,1047665,1809607,1204733,-321801,-157068,False,True,True,False,False,ResourceExhausted,receiver_check
complementary_k5_n7,fresh,O-ADD-WARM,2,complementary_k5_n7:2,complementary_k5_n7/edit/01,DELIVERED,1458184,819459,1344605,835261,113579,-15802,True,True,False,True,True,,
complementary_k5_n7,fresh,O-ADD-WARM,3,complementary_k5_n7:3,complementary_k5_n7/edit/02,DELIVERED,1493650,930634,1515095,946432,-21445,-15798,True,True,False,True,True,,
complementary_k5_n7,fresh,O-ADD-WARM,4,complementary_k5_n7:4,complementary_k5_n7/edit/03,NO_CURRENT_CERTIFICATE,1671712,1036774,1724737,1088852,-53025,-52078,True,True,False,False,False,ResourceExhausted,receiver_storage
complementary_k5_n7,fresh,O-ADD-WARM,5,complementary_k5_n7:5,complementary_k5_n7/edit/04,DELIVERED,1555374,872848,1817752,1166960,-262378,-294112,True,True,False,False,False,,
complementary_k5_n7,fresh,O-ADD-WARM,6,complementary_k5_n7:6,complementary_k5_n7/edit/05,DELIVERED,1685307,1043061,2002321,1286752,-317014,-243691,True,True,False,False,False,,
complementary_k5_n7,fresh,O-ENUM-RECEIVER,1,complementary_k5_n7:1,complementary_k5_n7/edit/00,NO_CURRENT_CERTIFICATE,1082273,1047665,1287695,1232012,-205422,-184347,False,True,True,False,False,ResourceExhausted,receiver_check
complementary_k5_n7,fresh,O-ENUM-RECEIVER,2,complementary_k5_n7:2,complementary_k5_n7/edit/01,DELIVERED,751619,695111,751619,695111,0,0,True,True,False,True,True,,
complementary_k5_n7,fresh,O-ENUM-RECEIVER,3,complementary_k5_n7:3,complementary_k5_n7/edit/02,DELIVERED,692014,635498,692014,635498,0,0,True,True,False,True,True,,
complementary_k5_n7,fresh,O-ENUM-RECEIVER,4,complementary_k5_n7:4,complementary_k5_n7/edit/03,DELIVERED,724295,665781,724295,665781,0,0,True,True,False,True,True,,
complementary_k5_n7,fresh,O-ENUM-RECEIVER,5,complementary_k5_n7:5,complementary_k5_n7/edit/04,DELIVERED,844394,785858,844394,785858,0,0,True,True,False,True,True,,
complementary_k5_n7,fresh,O-ENUM-RECEIVER,6,complementary_k5_n7:6,complementary_k5_n7/edit/05,DELIVERED,717636,658153,717636,658153,0,0,True,True,False,True,True,,
complementary_k5_n7,fresh,O-ADD-PORTFOLIO,1,complementary_k5_n7:1,complementary_k5_n7/edit/00,NO_CURRENT_CERTIFICATE,2582424,1047665,3698320,1713104,-1115896,-665439,False,True,True,False,False,ResourceExhausted,receiver_old_check
complementary_k5_n7,fresh,O-ADD-PORTFOLIO,2,complementary_k5_n7:2,complementary_k5_n7/edit/01,NO_CURRENT_CERTIFICATE,2987687,1047665,1882156,1292421,1105531,-244756,True,True,False,False,False,ResourceExhausted,receiver_import
complementary_k5_n7,fresh,O-ADD-PORTFOLIO,3,complementary_k5_n7:3,complementary_k5_n7/edit/02,NO_CURRENT_CERTIFICATE,2987648,1047665,1880317,1290609,1107331,-242944,True,True,False,False,False,ResourceExhausted,receiver_import
complementary_k5_n7,fresh,O-ADD-PORTFOLIO,4,complementary_k5_n7:4,complementary_k5_n7/edit/03,NO_CURRENT_CERTIFICATE,3025090,1047665,1938196,1310788,1086894,-263123,True,True,False,False,False,ResourceExhausted,receiver_import
complementary_k5_n7,fresh,O-ADD-PORTFOLIO,5,complementary_k5_n7:5,complementary_k5_n7/edit/04,NO_CURRENT_CERTIFICATE,3023796,1047665,1933890,1307768,1089906,-260103,True,True,False,False,False,ResourceExhausted,receiver_import
complementary_k5_n7,fresh,O-ADD-PORTFOLIO,6,complementary_k5_n7:6,complementary_k5_n7/edit/05,NO_CURRENT_CERTIFICATE,3037920,1047665,1956008,1315684,1081912,-268019,True,True,False,False,False,ResourceExhausted,receiver_import
