stream,recipient,method,prefix,attempts,delivered,failed,delivered_request_ids,failed_request_ids,total_units,consumer_units,failure_total_units,failure_consumer_units,source_charge_attempts,complete_prefix_service
constant_n3,resident,P-REUSE,1,1,1,0,"[""constant_n3:1""]",[],557911,503027,0,0,1,True
constant_n3,resident,P-REUSE,2,2,2,0,"[""constant_n3:1"",""constant_n3:2""]",[],715820,591487,0,0,1,True
constant_n3,resident,P-REUSE,3,3,3,0,"[""constant_n3:1"",""constant_n3:2"",""constant_n3:3""]",[],869572,677866,0,0,1,True
constant_n3,resident,P-REUSE,4,4,4,0,"[""constant_n3:1"",""constant_n3:2"",""constant_n3:3"",""constant_n3:4""]",[],1031770,768526,0,0,1,True
constant_n3,resident,P-REUSE,5,5,5,0,"[""constant_n3:1"",""constant_n3:2"",""constant_n3:3"",""constant_n3:4"",""constant_n3:5""]",[],1199925,862130,0,0,1,True
constant_n3,resident,P-REUSE,6,6,6,0,"[""constant_n3:1"",""constant_n3:2"",""constant_n3:3"",""constant_n3:4"",""constant_n3:5"",""constant_n3:6""]",[],1370631,956997,0,0,1,True
constant_n3,resident,P-FRESH,1,1,1,0,"[""constant_n3:1""]",[],557790,503009,0,0,1,True
constant_n3,resident,P-FRESH,2,2,2,0,"[""constant_n3:1"",""constant_n3:2""]",[],715699,591469,0,0,1,True
constant_n3,resident,P-FRESH,3,3,3,0,"[""constant_n3:1"",""constant_n3:2"",""constant_n3:3""]",[],869451,677848,0,0,1,True
constant_n3,resident,P-FRESH,4,4,4,0,"[""constant_n3:1"",""constant_n3:2"",""constant_n3:3"",""constant_n3:4""]",[],1031649,768508,0,0,1,True
constant_n3,resident,P-FRESH,5,5,5,0,"[""constant_n3:1"",""constant_n3:2"",""constant_n3:3"",""constant_n3:4"",""constant_n3:5""]",[],1199804,862112,0,0,1,True
constant_n3,resident,P-FRESH,6,6,6,0,"[""constant_n3:1"",""constant_n3:2"",""constant_n3:3"",""constant_n3:4"",""constant_n3:5"",""constant_n3:6""]",[],1370510,956979,0,0,1,True
constant_n3,resident,O-ADD-COLD,1,1,1,0,"[""constant_n3:1""]",[],644214,570731,0,0,1,True
constant_n3,resident,O-ADD-COLD,2,2,2,0,"[""constant_n3:1"",""constant_n3:2""]",[],928289,748176,0,0,1,True
constant_n3,resident,O-ADD-COLD,3,3,3,0,"[""constant_n3:1"",""constant_n3:2"",""constant_n3:3""]",[],1219932,930190,0,0,1,True
constant_n3,resident,O-ADD-COLD,4,4,4,0,"[""constant_n3:1"",""constant_n3:2"",""constant_n3:3"",""constant_n3:4""]",[],1536319,1125131,0,0,1,True
constant_n3,resident,O-ADD-COLD,5,5,5,0,"[""constant_n3:1"",""constant_n3:2"",""constant_n3:3"",""constant_n3:4"",""constant_n3:5""]",[],1881989,1337015,0,0,1,True
constant_n3,resident,O-ADD-COLD,6,6,6,0,"[""constant_n3:1"",""constant_n3:2"",""constant_n3:3"",""constant_n3:4"",""constant_n3:5"",""constant_n3:6""]",[],2223884,1546275,0,0,1,True
constant_n3,resident,O-ADD-WARM,1,1,1,0,"[""constant_n3:1""]",[],646472,570731,0,0,1,True
constant_n3,resident,O-ADD-WARM,2,2,2,0,"[""constant_n3:1"",""constant_n3:2""]",[],901422,719662,0,0,1,True
constant_n3,resident,O-ADD-WARM,3,3,3,0,"[""constant_n3:1"",""constant_n3:2"",""constant_n3:3""]",[],1150971,865139,0,0,1,True
constant_n3,resident,O-ADD-WARM,4,4,4,0,"[""constant_n3:1"",""constant_n3:2"",""constant_n3:3"",""constant_n3:4""]",[],1447472,1036257,0,0,1,True
constant_n3,resident,O-ADD-WARM,5,5,5,0,"[""constant_n3:1"",""constant_n3:2"",""constant_n3:3"",""constant_n3:4"",""constant_n3:5""]",[],1778138,1227739,0,0,1,True
constant_n3,resident,O-ADD-WARM,6,6,6,0,"[""constant_n3:1"",""constant_n3:2"",""constant_n3:3"",""constant_n3:4"",""constant_n3:5"",""constant_n3:6""]",[],2092348,1405486,0,0,1,True
constant_n3,resident,O-ENUM-RECEIVER,1,1,1,0,"[""constant_n3:1""]",[],488836,480070,0,0,1,True
constant_n3,resident,O-ENUM-RECEIVER,2,2,2,0,"[""constant_n3:1"",""constant_n3:2""]",[],558362,538871,0,0,1,True
constant_n3,resident,O-ENUM-RECEIVER,3,3,3,0,"[""constant_n3:1"",""constant_n3:2"",""constant_n3:3""]",[],626144,596287,0,0,1,True
constant_n3,resident,O-ENUM-RECEIVER,4,4,4,0,"[""constant_n3:1"",""constant_n3:2"",""constant_n3:3"",""constant_n3:4""]",[],697649,656700,0,0,1,True
constant_n3,resident,O-ENUM-RECEIVER,5,5,5,0,"[""constant_n3:1"",""constant_n3:2"",""constant_n3:3"",""constant_n3:4"",""constant_n3:5""]",[],769327,717140,0,0,1,True
constant_n3,resident,O-ENUM-RECEIVER,6,6,6,0,"[""constant_n3:1"",""constant_n3:2"",""constant_n3:3"",""constant_n3:4"",""constant_n3:5"",""constant_n3:6""]",[],842669,778879,0,0,1,True
constant_n3,resident,O-ADD-PORTFOLIO,1,1,1,0,"[""constant_n3:1""]",[],557910,503009,0,0,1,True
constant_n3,resident,O-ADD-PORTFOLIO,2,2,2,0,"[""constant_n3:1"",""constant_n3:2""]",[],715827,591469,0,0,1,True
constant_n3,resident,O-ADD-PORTFOLIO,3,3,3,0,"[""constant_n3:1"",""constant_n3:2"",""constant_n3:3""]",[],869587,677848,0,0,1,True
constant_n3,resident,O-ADD-PORTFOLIO,4,4,4,0,"[""constant_n3:1"",""constant_n3:2"",""constant_n3:3"",""constant_n3:4""]",[],1031793,768508,0,0,1,True
constant_n3,resident,O-ADD-PORTFOLIO,5,5,5,0,"[""constant_n3:1"",""constant_n3:2"",""constant_n3:3"",""constant_n3:4"",""constant_n3:5""]",[],1199956,862112,0,0,1,True
constant_n3,resident,O-ADD-PORTFOLIO,6,6,6,0,"[""constant_n3:1"",""constant_n3:2"",""constant_n3:3"",""constant_n3:4"",""constant_n3:5"",""constant_n3:6""]",[],1370670,956979,0,0,1,True
constant_n3,fresh,P-REUSE,1,1,1,0,"[""constant_n3:1""]",[],557885,503009,0,0,1,True
constant_n3,fresh,P-REUSE,2,2,2,0,"[""constant_n3:1"",""constant_n3:2""]",[],715846,591473,0,0,1,True
constant_n3,fresh,P-REUSE,3,3,3,0,"[""constant_n3:1"",""constant_n3:2"",""constant_n3:3""]",[],869650,677856,0,0,1,True
constant_n3,fresh,P-REUSE,4,4,4,0,"[""constant_n3:1"",""constant_n3:2"",""constant_n3:3"",""constant_n3:4""]",[],1031900,768520,0,0,1,True
constant_n3,fresh,P-REUSE,5,5,5,0,"[""constant_n3:1"",""constant_n3:2"",""constant_n3:3"",""constant_n3:4"",""constant_n3:5""]",[],1200107,862128,0,0,1,True
constant_n3,fresh,P-REUSE,6,6,6,0,"[""constant_n3:1"",""constant_n3:2"",""constant_n3:3"",""constant_n3:4"",""constant_n3:5"",""constant_n3:6""]",[],1370865,956999,0,0,1,True
constant_n3,fresh,P-FRESH,1,1,1,0,"[""constant_n3:1""]",[],557782,503009,0,0,1,True
constant_n3,fresh,P-FRESH,2,2,2,0,"[""constant_n3:1"",""constant_n3:2""]",[],715698,591473,0,0,1,True
constant_n3,fresh,P-FRESH,3,3,3,0,"[""constant_n3:1"",""constant_n3:2"",""constant_n3:3""]",[],869457,677856,0,0,1,True
constant_n3,fresh,P-FRESH,4,4,4,0,"[""constant_n3:1"",""constant_n3:2"",""constant_n3:3"",""constant_n3:4""]",[],1031662,768520,0,0,1,True
constant_n3,fresh,P-FRESH,5,5,5,0,"[""constant_n3:1"",""constant_n3:2"",""constant_n3:3"",""constant_n3:4"",""constant_n3:5""]",[],1199824,862128,0,0,1,True
constant_n3,fresh,P-FRESH,6,6,6,0,"[""constant_n3:1"",""constant_n3:2"",""constant_n3:3"",""constant_n3:4"",""constant_n3:5"",""constant_n3:6""]",[],1370537,956999,0,0,1,True
constant_n3,fresh,O-ADD-COLD,1,1,1,0,"[""constant_n3:1""]",[],644098,570731,0,0,1,True
constant_n3,fresh,O-ADD-COLD,2,2,2,0,"[""constant_n3:1"",""constant_n3:2""]",[],928171,748176,0,0,1,True
constant_n3,fresh,O-ADD-COLD,3,3,3,0,"[""constant_n3:1"",""constant_n3:2"",""constant_n3:3""]",[],1219778,930190,0,0,1,True
constant_n3,fresh,O-ADD-COLD,4,4,4,0,"[""constant_n3:1"",""constant_n3:2"",""constant_n3:3"",""constant_n3:4""]",[],1536129,1125131,0,0,1,True
constant_n3,fresh,O-ADD-COLD,5,5,5,0,"[""constant_n3:1"",""constant_n3:2"",""constant_n3:3"",""constant_n3:4"",""constant_n3:5""]",[],1881763,1337015,0,0,1,True
constant_n3,fresh,O-ADD-COLD,6,6,6,0,"[""constant_n3:1"",""constant_n3:2"",""constant_n3:3"",""constant_n3:4"",""constant_n3:5"",""constant_n3:6""]",[],2223656,1546275,0,0,1,True
constant_n3,fresh,O-ADD-WARM,1,1,1,0,"[""constant_n3:1""]",[],644103,570731,0,0,1,True
constant_n3,fresh,O-ADD-WARM,2,2,2,0,"[""constant_n3:1"",""constant_n3:2""]",[],931310,751804,0,0,1,True
constant_n3,fresh,O-ADD-WARM,3,3,3,0,"[""constant_n3:1"",""constant_n3:2"",""constant_n3:3""]",[],1241186,951891,0,0,1,True
constant_n3,fresh,O-ADD-WARM,4,4,4,0,"[""constant_n3:1"",""constant_n3:2"",""constant_n3:3"",""constant_n3:4""]",[],1612585,1189552,0,0,1,True
constant_n3,fresh,O-ADD-WARM,5,5,5,0,"[""constant_n3:1"",""constant_n3:2"",""constant_n3:3"",""constant_n3:4"",""constant_n3:5""]",[],2046433,1469467,0,0,1,True
constant_n3,fresh,O-ADD-WARM,6,6,6,0,"[""constant_n3:1"",""constant_n3:2"",""constant_n3:3"",""constant_n3:4"",""constant_n3:5"",""constant_n3:6""]",[],2508874,1774558,0,0,1,True
constant_n3,fresh,O-ENUM-RECEIVER,1,1,1,0,"[""constant_n3:1""]",[],488834,480070,0,0,1,True
constant_n3,fresh,O-ENUM-RECEIVER,2,2,2,0,"[""constant_n3:1"",""constant_n3:2""]",[],558358,538871,0,0,1,True
constant_n3,fresh,O-ENUM-RECEIVER,3,3,3,0,"[""constant_n3:1"",""constant_n3:2"",""constant_n3:3""]",[],626138,596287,0,0,1,True
constant_n3,fresh,O-ENUM-RECEIVER,4,4,4,0,"[""constant_n3:1"",""constant_n3:2"",""constant_n3:3"",""constant_n3:4""]",[],697641,656700,0,0,1,True
constant_n3,fresh,O-ENUM-RECEIVER,5,5,5,0,"[""constant_n3:1"",""constant_n3:2"",""constant_n3:3"",""constant_n3:4"",""constant_n3:5""]",[],769317,717140,0,0,1,True
constant_n3,fresh,O-ENUM-RECEIVER,6,6,6,0,"[""constant_n3:1"",""constant_n3:2"",""constant_n3:3"",""constant_n3:4"",""constant_n3:5"",""constant_n3:6""]",[],842657,778879,0,0,1,True
constant_n3,fresh,O-ADD-PORTFOLIO,1,1,1,0,"[""constant_n3:1""]",[],557902,503009,0,0,1,True
constant_n3,fresh,O-ADD-PORTFOLIO,2,2,2,0,"[""constant_n3:1"",""constant_n3:2""]",[],715874,591473,0,0,1,True
constant_n3,fresh,O-ADD-PORTFOLIO,3,3,3,0,"[""constant_n3:1"",""constant_n3:2"",""constant_n3:3""]",[],869689,677856,0,0,1,True
constant_n3,fresh,O-ADD-PORTFOLIO,4,4,4,0,"[""constant_n3:1"",""constant_n3:2"",""constant_n3:3"",""constant_n3:4""]",[],1031950,768520,0,0,1,True
constant_n3,fresh,O-ADD-PORTFOLIO,5,5,5,0,"[""constant_n3:1"",""constant_n3:2"",""constant_n3:3"",""constant_n3:4"",""constant_n3:5""]",[],1200168,862128,0,0,1,True
constant_n3,fresh,O-ADD-PORTFOLIO,6,6,6,0,"[""constant_n3:1"",""constant_n3:2"",""constant_n3:3"",""constant_n3:4"",""constant_n3:5"",""constant_n3:6""]",[],1370937,956999,0,0,1,True
parity_reassociation_n6,resident,P-REUSE,1,1,0,1,[],"[""parity_reassociation_n6:1""]",3106238,1047665,3106238,1047665,1,False
parity_reassociation_n6,resident,P-REUSE,2,2,1,1,"[""parity_reassociation_n6:2""]","[""parity_reassociation_n6:1""]",6291596,2078842,3106238,1047665,1,False
parity_reassociation_n6,resident,P-REUSE,3,3,2,1,"[""parity_reassociation_n6:2"",""parity_reassociation_n6:3""]","[""parity_reassociation_n6:1""]",6672942,2284728,3106238,1047665,1,False
parity_reassociation_n6,resident,P-REUSE,4,4,3,1,"[""parity_reassociation_n6:2"",""parity_reassociation_n6:3"",""parity_reassociation_n6:4""]","[""parity_reassociation_n6:1""]",7064822,2495885,3106238,1047665,1,False
parity_reassociation_n6,resident,P-REUSE,5,5,4,1,"[""parity_reassociation_n6:2"",""parity_reassociation_n6:3"",""parity_reassociation_n6:4"",""parity_reassociation_n6:5""]","[""parity_reassociation_n6:1""]",7459009,2708166,3106238,1047665,1,False
parity_reassociation_n6,resident,P-REUSE,6,6,5,1,"[""parity_reassociation_n6:2"",""parity_reassociation_n6:3"",""parity_reassociation_n6:4"",""parity_reassociation_n6:5"",""parity_reassociation_n6:6""]","[""parity_reassociation_n6:1""]",7861544,2925014,3106238,1047665,1,False
parity_reassociation_n6,resident,P-FRESH,1,1,0,1,[],"[""parity_reassociation_n6:1""]",6468652,1047665,6468652,1047665,1,False
parity_reassociation_n6,resident,P-FRESH,2,2,1,1,"[""parity_reassociation_n6:2""]","[""parity_reassociation_n6:1""]",10459544,2036108,6468652,1047665,1,False
parity_reassociation_n6,resident,P-FRESH,3,3,2,1,"[""parity_reassociation_n6:2"",""parity_reassociation_n6:3""]","[""parity_reassociation_n6:1""]",12633602,2597167,6468652,1047665,1,False
parity_reassociation_n6,resident,P-FRESH,4,4,3,1,"[""parity_reassociation_n6:2"",""parity_reassociation_n6:3"",""parity_reassociation_n6:4""]","[""parity_reassociation_n6:1""]",16972508,3643036,6468652,1047665,1,False
parity_reassociation_n6,resident,P-FRESH,5,5,4,1,"[""parity_reassociation_n6:2"",""parity_reassociation_n6:3"",""parity_reassociation_n6:4"",""parity_reassociation_n6:5""]","[""parity_reassociation_n6:1""]",21209206,4481531,6468652,1047665,1,False
parity_reassociation_n6,resident,P-FRESH,6,6,5,1,"[""parity_reassociation_n6:2"",""parity_reassociation_n6:3"",""parity_reassociation_n6:4"",""parity_reassociation_n6:5"",""parity_reassociation_n6:6""]","[""parity_reassociation_n6:1""]",25389319,5502272,6468652,1047665,1,False
parity_reassociation_n6,resident,O-ADD-COLD,1,1,0,1,[],"[""parity_reassociation_n6:1""]",1560369,1047665,1560369,1047665,1,False
parity_reassociation_n6,resident,O-ADD-COLD,2,2,1,1,"[""parity_reassociation_n6:2""]","[""parity_reassociation_n6:1""]",2776582,1744408,1560369,1047665,1,False
parity_reassociation_n6,resident,O-ADD-COLD,3,3,2,1,"[""parity_reassociation_n6:2"",""parity_reassociation_n6:3""]","[""parity_reassociation_n6:1""]",4009663,2450543,1560369,1047665,1,False
parity_reassociation_n6,resident,O-ADD-COLD,4,4,3,1,"[""parity_reassociation_n6:2"",""parity_reassociation_n6:3"",""parity_reassociation_n6:4""]","[""parity_reassociation_n6:1""]",5230591,3149589,1560369,1047665,1,False
parity_reassociation_n6,resident,O-ADD-COLD,5,5,4,1,"[""parity_reassociation_n6:2"",""parity_reassociation_n6:3"",""parity_reassociation_n6:4"",""parity_reassociation_n6:5""]","[""parity_reassociation_n6:1""]",6491946,3871326,1560369,1047665,1,False
parity_reassociation_n6,resident,O-ADD-COLD,6,6,5,1,"[""parity_reassociation_n6:2"",""parity_reassociation_n6:3"",""parity_reassociation_n6:4"",""parity_reassociation_n6:5"",""parity_reassociation_n6:6""]","[""parity_reassociation_n6:1""]",7779868,4606617,1560369,1047665,1,False
parity_reassociation_n6,resident,O-ADD-WARM,1,1,0,1,[],"[""parity_reassociation_n6:1""]",1562880,1047665,1562880,1047665,1,False
parity_reassociation_n6,resident,O-ADD-WARM,2,2,1,1,"[""parity_reassociation_n6:2""]","[""parity_reassociation_n6:1""]",2781601,1744408,1562880,1047665,1,False
parity_reassociation_n6,resident,O-ADD-WARM,3,3,2,1,"[""parity_reassociation_n6:2"",""parity_reassociation_n6:3""]","[""parity_reassociation_n6:1""]",3310988,1995359,1562880,1047665,1,False
parity_reassociation_n6,resident,O-ADD-WARM,4,4,3,1,"[""parity_reassociation_n6:2"",""parity_reassociation_n6:3"",""parity_reassociation_n6:4""]","[""parity_reassociation_n6:1""]",3840247,2244248,1562880,1047665,1,False
parity_reassociation_n6,resident,O-ADD-WARM,5,5,4,1,"[""parity_reassociation_n6:2"",""parity_reassociation_n6:3"",""parity_reassociation_n6:4"",""parity_reassociation_n6:5""]","[""parity_reassociation_n6:1""]",4423348,2525743,1562880,1047665,1,False
parity_reassociation_n6,resident,O-ADD-WARM,6,6,5,1,"[""parity_reassociation_n6:2"",""parity_reassociation_n6:3"",""parity_reassociation_n6:4"",""parity_reassociation_n6:5"",""parity_reassociation_n6:6""]","[""parity_reassociation_n6:1""]",5028542,2816945,1562880,1047665,1,False
parity_reassociation_n6,resident,O-ENUM-RECEIVER,1,1,1,0,"[""parity_reassociation_n6:1""]",[],818419,785739,0,0,1,True
parity_reassociation_n6,resident,O-ENUM-RECEIVER,2,2,2,0,"[""parity_reassociation_n6:1"",""parity_reassociation_n6:2""]",[],1098838,1032653,0,0,1,True
parity_reassociation_n6,resident,O-ENUM-RECEIVER,3,3,3,0,"[""parity_reassociation_n6:1"",""parity_reassociation_n6:2"",""parity_reassociation_n6:3""]",[],1319401,1219711,0,0,1,True
parity_reassociation_n6,resident,O-ENUM-RECEIVER,4,4,4,0,"[""parity_reassociation_n6:1"",""parity_reassociation_n6:2"",""parity_reassociation_n6:3"",""parity_reassociation_n6:4""]",[],1605627,1471911,0,0,1,True
parity_reassociation_n6,resident,O-ENUM-RECEIVER,5,5,5,0,"[""parity_reassociation_n6:1"",""parity_reassociation_n6:2"",""parity_reassociation_n6:3"",""parity_reassociation_n6:4"",""parity_reassociation_n6:5""]",[],1875006,1706907,0,0,1,True
parity_reassociation_n6,resident,O-ENUM-RECEIVER,6,6,6,0,"[""parity_reassociation_n6:1"",""parity_reassociation_n6:2"",""parity_reassociation_n6:3"",""parity_reassociation_n6:4"",""parity_reassociation_n6:5"",""parity_reassociation_n6:6""]",[],2177695,1974598,0,0,1,True
parity_reassociation_n6,resident,O-ADD-PORTFOLIO,1,1,0,1,[],"[""parity_reassociation_n6:1""]",2231542,1047665,2231542,1047665,1,False
parity_reassociation_n6,resident,O-ADD-PORTFOLIO,2,2,1,1,"[""parity_reassociation_n6:2""]","[""parity_reassociation_n6:1""]",4423696,1953771,2231542,1047665,1,False
parity_reassociation_n6,resident,O-ADD-PORTFOLIO,3,3,2,1,"[""parity_reassociation_n6:2"",""parity_reassociation_n6:3""]","[""parity_reassociation_n6:1""]",4805098,2159681,2231542,1047665,1,False
parity_reassociation_n6,resident,O-ADD-PORTFOLIO,4,4,3,1,"[""parity_reassociation_n6:2"",""parity_reassociation_n6:3"",""parity_reassociation_n6:4""]","[""parity_reassociation_n6:1""]",5197034,2370862,2231542,1047665,1,False
parity_reassociation_n6,resident,O-ADD-PORTFOLIO,5,5,4,1,"[""parity_reassociation_n6:2"",""parity_reassociation_n6:3"",""parity_reassociation_n6:4"",""parity_reassociation_n6:5""]","[""parity_reassociation_n6:1""]",5591277,2583167,2231542,1047665,1,False
parity_reassociation_n6,resident,O-ADD-PORTFOLIO,6,6,5,1,"[""parity_reassociation_n6:2"",""parity_reassociation_n6:3"",""parity_reassociation_n6:4"",""parity_reassociation_n6:5"",""parity_reassociation_n6:6""]","[""parity_reassociation_n6:1""]",5993868,2800039,2231542,1047665,1,False
parity_reassociation_n6,fresh,P-REUSE,1,1,0,1,[],"[""parity_reassociation_n6:1""]",3106235,1047665,3106235,1047665,1,False
parity_reassociation_n6,fresh,P-REUSE,2,2,1,1,"[""parity_reassociation_n6:2""]","[""parity_reassociation_n6:1""]",6291585,2078842,3106235,1047665,1,False
parity_reassociation_n6,fresh,P-REUSE,3,3,2,1,"[""parity_reassociation_n6:2"",""parity_reassociation_n6:3""]","[""parity_reassociation_n6:1""]",7502329,3110031,3106235,1047665,1,False
parity_reassociation_n6,fresh,P-REUSE,4,4,3,1,"[""parity_reassociation_n6:2"",""parity_reassociation_n6:3"",""parity_reassociation_n6:4""]","[""parity_reassociation_n6:1""]",8723607,4146491,3106235,1047665,1,False
parity_reassociation_n6,fresh,P-REUSE,5,5,4,1,"[""parity_reassociation_n6:2"",""parity_reassociation_n6:3"",""parity_reassociation_n6:4"",""parity_reassociation_n6:5""]","[""parity_reassociation_n6:1""]",9947192,5184075,3106235,1047665,1,False
parity_reassociation_n6,fresh,P-REUSE,6,6,5,1,"[""parity_reassociation_n6:2"",""parity_reassociation_n6:3"",""parity_reassociation_n6:4"",""parity_reassociation_n6:5"",""parity_reassociation_n6:6""]","[""parity_reassociation_n6:1""]",11179125,6226226,3106235,1047665,1,False
parity_reassociation_n6,fresh,P-FRESH,1,1,0,1,[],"[""parity_reassociation_n6:1""]",6468649,1047665,6468649,1047665,1,False
parity_reassociation_n6,fresh,P-FRESH,2,2,1,1,"[""parity_reassociation_n6:2""]","[""parity_reassociation_n6:1""]",10459533,2036108,6468649,1047665,1,False
parity_reassociation_n6,fresh,P-FRESH,3,3,2,1,"[""parity_reassociation_n6:2"",""parity_reassociation_n6:3""]","[""parity_reassociation_n6:1""]",12633598,2597171,6468649,1047665,1,False
parity_reassociation_n6,fresh,P-FRESH,4,4,3,1,"[""parity_reassociation_n6:2"",""parity_reassociation_n6:3"",""parity_reassociation_n6:4""]","[""parity_reassociation_n6:1""]",16972511,3643044,6468649,1047665,1,False
parity_reassociation_n6,fresh,P-FRESH,5,5,4,1,"[""parity_reassociation_n6:2"",""parity_reassociation_n6:3"",""parity_reassociation_n6:4"",""parity_reassociation_n6:5""]","[""parity_reassociation_n6:1""]",21209216,4481543,6468649,1047665,1,False
parity_reassociation_n6,fresh,P-FRESH,6,6,5,1,"[""parity_reassociation_n6:2"",""parity_reassociation_n6:3"",""parity_reassociation_n6:4"",""parity_reassociation_n6:5"",""parity_reassociation_n6:6""]","[""parity_reassociation_n6:1""]",25389336,5502288,6468649,1047665,1,False
parity_reassociation_n6,fresh,O-ADD-COLD,1,1,0,1,[],"[""parity_reassociation_n6:1""]",1560369,1047665,1560369,1047665,1,False
parity_reassociation_n6,fresh,O-ADD-COLD,2,2,1,1,"[""parity_reassociation_n6:2""]","[""parity_reassociation_n6:1""]",2776580,1744408,1560369,1047665,1,False
parity_reassociation_n6,fresh,O-ADD-COLD,3,3,2,1,"[""parity_reassociation_n6:2"",""parity_reassociation_n6:3""]","[""parity_reassociation_n6:1""]",4009659,2450543,1560369,1047665,1,False
parity_reassociation_n6,fresh,O-ADD-COLD,4,4,3,1,"[""parity_reassociation_n6:2"",""parity_reassociation_n6:3"",""parity_reassociation_n6:4""]","[""parity_reassociation_n6:1""]",5230585,3149589,1560369,1047665,1,False
parity_reassociation_n6,fresh,O-ADD-COLD,5,5,4,1,"[""parity_reassociation_n6:2"",""parity_reassociation_n6:3"",""parity_reassociation_n6:4"",""parity_reassociation_n6:5""]","[""parity_reassociation_n6:1""]",6491938,3871326,1560369,1047665,1,False
parity_reassociation_n6,fresh,O-ADD-COLD,6,6,5,1,"[""parity_reassociation_n6:2"",""parity_reassociation_n6:3"",""parity_reassociation_n6:4"",""parity_reassociation_n6:5"",""parity_reassociation_n6:6""]","[""parity_reassociation_n6:1""]",7779858,4606617,1560369,1047665,1,False
parity_reassociation_n6,fresh,O-ADD-WARM,1,1,0,1,[],"[""parity_reassociation_n6:1""]",1560377,1047665,1560377,1047665,1,False
parity_reassociation_n6,fresh,O-ADD-WARM,2,2,1,1,"[""parity_reassociation_n6:2""]","[""parity_reassociation_n6:1""]",2776593,1744408,1560377,1047665,1,False
parity_reassociation_n6,fresh,O-ADD-WARM,3,3,2,1,"[""parity_reassociation_n6:2"",""parity_reassociation_n6:3""]","[""parity_reassociation_n6:1""]",3894145,2466071,1560377,1047665,1,False
parity_reassociation_n6,fresh,O-ADD-WARM,4,4,3,1,"[""parity_reassociation_n6:2"",""parity_reassociation_n6:3"",""parity_reassociation_n6:4""]","[""parity_reassociation_n6:1""]",5035495,3205619,1560377,1047665,1,False
parity_reassociation_n6,fresh,O-ADD-WARM,5,5,4,1,"[""parity_reassociation_n6:2"",""parity_reassociation_n6:3"",""parity_reassociation_n6:4"",""parity_reassociation_n6:5""]","[""parity_reassociation_n6:1""]",6238240,3983219,1560377,1047665,1,False
parity_reassociation_n6,fresh,O-ADD-WARM,6,6,5,1,"[""parity_reassociation_n6:2"",""parity_reassociation_n6:3"",""parity_reassociation_n6:4"",""parity_reassociation_n6:5"",""parity_reassociation_n6:6""]","[""parity_reassociation_n6:1""]",7496749,4797808,1560377,1047665,1,False
parity_reassociation_n6,fresh,O-ENUM-RECEIVER,1,1,1,0,"[""parity_reassociation_n6:1""]",[],818417,785739,0,0,1,True
parity_reassociation_n6,fresh,O-ENUM-RECEIVER,2,2,2,0,"[""parity_reassociation_n6:1"",""parity_reassociation_n6:2""]",[],1098834,1032653,0,0,1,True
parity_reassociation_n6,fresh,O-ENUM-RECEIVER,3,3,3,0,"[""parity_reassociation_n6:1"",""parity_reassociation_n6:2"",""parity_reassociation_n6:3""]",[],1319395,1219711,0,0,1,True
parity_reassociation_n6,fresh,O-ENUM-RECEIVER,4,4,4,0,"[""parity_reassociation_n6:1"",""parity_reassociation_n6:2"",""parity_reassociation_n6:3"",""parity_reassociation_n6:4""]",[],1605619,1471911,0,0,1,True
parity_reassociation_n6,fresh,O-ENUM-RECEIVER,5,5,5,0,"[""parity_reassociation_n6:1"",""parity_reassociation_n6:2"",""parity_reassociation_n6:3"",""parity_reassociation_n6:4"",""parity_reassociation_n6:5""]",[],1874996,1706907,0,0,1,True
parity_reassociation_n6,fresh,O-ENUM-RECEIVER,6,6,6,0,"[""parity_reassociation_n6:1"",""parity_reassociation_n6:2"",""parity_reassociation_n6:3"",""parity_reassociation_n6:4"",""parity_reassociation_n6:5"",""parity_reassociation_n6:6""]",[],2177683,1974598,0,0,1,True
parity_reassociation_n6,fresh,O-ADD-PORTFOLIO,1,1,0,1,[],"[""parity_reassociation_n6:1""]",2231539,1047665,2231539,1047665,1,False
parity_reassociation_n6,fresh,O-ADD-PORTFOLIO,2,2,1,1,"[""parity_reassociation_n6:2""]","[""parity_reassociation_n6:1""]",4423685,1953771,2231539,1047665,1,False
parity_reassociation_n6,fresh,O-ADD-PORTFOLIO,3,3,2,1,"[""parity_reassociation_n6:2"",""parity_reassociation_n6:3""]","[""parity_reassociation_n6:1""]",5515934,2859889,2231539,1047665,1,False
parity_reassociation_n6,fresh,O-ADD-PORTFOLIO,4,4,3,1,"[""parity_reassociation_n6:2"",""parity_reassociation_n6:3"",""parity_reassociation_n6:4""]","[""parity_reassociation_n6:1""]",6618717,3771278,2231539,1047665,1,False
parity_reassociation_n6,fresh,O-ADD-PORTFOLIO,5,5,4,1,"[""parity_reassociation_n6:2"",""parity_reassociation_n6:3"",""parity_reassociation_n6:4"",""parity_reassociation_n6:5""]","[""parity_reassociation_n6:1""]",7723807,4683791,2231539,1047665,1,False
parity_reassociation_n6,fresh,O-ADD-PORTFOLIO,6,6,5,1,"[""parity_reassociation_n6:2"",""parity_reassociation_n6:3"",""parity_reassociation_n6:4"",""parity_reassociation_n6:5"",""parity_reassociation_n6:6""]","[""parity_reassociation_n6:1""]",8837245,5600871,2231539,1047665,1,False
complementary_k3_n5,resident,P-REUSE,1,1,0,1,[],"[""complementary_k3_n5:1""]",2091715,1047665,2091715,1047665,1,False
complementary_k3_n5,resident,P-REUSE,2,2,1,1,"[""complementary_k3_n5:2""]","[""complementary_k3_n5:1""]",3955618,1804806,2091715,1047665,1,False
complementary_k3_n5,resident,P-REUSE,3,3,2,1,"[""complementary_k3_n5:2"",""complementary_k3_n5:3""]","[""complementary_k3_n5:1""]",4729918,2121826,2091715,1047665,1,False
complementary_k3_n5,resident,P-REUSE,4,4,3,1,"[""complementary_k3_n5:2"",""complementary_k3_n5:3"",""complementary_k3_n5:4""]","[""complementary_k3_n5:1""]",5560963,2458269,2091715,1047665,1,False
complementary_k3_n5,resident,P-REUSE,5,5,4,1,"[""complementary_k3_n5:2"",""complementary_k3_n5:3"",""complementary_k3_n5:4"",""complementary_k3_n5:5""]","[""complementary_k3_n5:1""]",6389382,2792812,2091715,1047665,1,False
complementary_k3_n5,resident,P-REUSE,6,6,5,1,"[""complementary_k3_n5:2"",""complementary_k3_n5:3"",""complementary_k3_n5:4"",""complementary_k3_n5:5"",""complementary_k3_n5:6""]","[""complementary_k3_n5:1""]",7239373,3134907,2091715,1047665,1,False
complementary_k3_n5,resident,P-FRESH,1,1,1,0,"[""complementary_k3_n5:1""]",[],2538017,878991,0,0,1,True
complementary_k3_n5,resident,P-FRESH,2,2,2,0,"[""complementary_k3_n5:1"",""complementary_k3_n5:2""]",[],4179136,1215534,0,0,1,True
complementary_k3_n5,resident,P-FRESH,3,3,3,0,"[""complementary_k3_n5:1"",""complementary_k3_n5:2"",""complementary_k3_n5:3""]",[],5364676,1481271,0,0,1,True
complementary_k3_n5,resident,P-FRESH,4,4,4,0,"[""complementary_k3_n5:1"",""complementary_k3_n5:2"",""complementary_k3_n5:3"",""complementary_k3_n5:4""]",[],6667511,1771418,0,0,1,True
complementary_k3_n5,resident,P-FRESH,5,5,5,0,"[""complementary_k3_n5:1"",""complementary_k3_n5:2"",""complementary_k3_n5:3"",""complementary_k3_n5:4"",""complementary_k3_n5:5""]",[],8756244,2201347,0,0,1,True
complementary_k3_n5,resident,P-FRESH,6,6,6,0,"[""complementary_k3_n5:1"",""complementary_k3_n5:2"",""complementary_k3_n5:3"",""complementary_k3_n5:4"",""complementary_k3_n5:5"",""complementary_k3_n5:6""]",[],10085855,2493596,0,0,1,True
complementary_k3_n5,resident,O-ADD-COLD,1,1,1,0,"[""complementary_k3_n5:1""]",[],1326766,935349,0,0,1,True
complementary_k3_n5,resident,O-ADD-COLD,2,2,2,0,"[""complementary_k3_n5:1"",""complementary_k3_n5:2""]",[],2307744,1488809,0,0,1,True
complementary_k3_n5,resident,O-ADD-COLD,3,3,3,0,"[""complementary_k3_n5:1"",""complementary_k3_n5:2"",""complementary_k3_n5:3""]",[],3328748,2065805,0,0,1,True
complementary_k3_n5,resident,O-ADD-COLD,4,4,4,0,"[""complementary_k3_n5:1"",""complementary_k3_n5:2"",""complementary_k3_n5:3"",""complementary_k3_n5:4""]",[],4437252,2691189,0,0,1,True
complementary_k3_n5,resident,O-ADD-COLD,5,5,5,0,"[""complementary_k3_n5:1"",""complementary_k3_n5:2"",""complementary_k3_n5:3"",""complementary_k3_n5:4"",""complementary_k3_n5:5""]",[],5511404,3295694,0,0,1,True
complementary_k3_n5,resident,O-ADD-COLD,6,6,6,0,"[""complementary_k3_n5:1"",""complementary_k3_n5:2"",""complementary_k3_n5:3"",""complementary_k3_n5:4"",""complementary_k3_n5:5"",""complementary_k3_n5:6""]",[],6675082,3950002,0,0,1,True
complementary_k3_n5,resident,O-ADD-WARM,1,1,1,0,"[""complementary_k3_n5:1""]",[],1329229,935349,0,0,1,True
complementary_k3_n5,resident,O-ADD-WARM,2,2,2,0,"[""complementary_k3_n5:1"",""complementary_k3_n5:2""]",[],1890677,1217314,0,0,1,True
complementary_k3_n5,resident,O-ADD-WARM,3,3,3,0,"[""complementary_k3_n5:1"",""complementary_k3_n5:2"",""complementary_k3_n5:3""]",[],2499549,1526325,0,0,1,True
complementary_k3_n5,resident,O-ADD-WARM,4,4,4,0,"[""complementary_k3_n5:1"",""complementary_k3_n5:2"",""complementary_k3_n5:3"",""complementary_k3_n5:4""]",[],3231241,1906143,0,0,1,True
complementary_k3_n5,resident,O-ADD-WARM,5,5,5,0,"[""complementary_k3_n5:1"",""complementary_k3_n5:2"",""complementary_k3_n5:3"",""complementary_k3_n5:4"",""complementary_k3_n5:5""]",[],3948978,2266667,0,0,1,True
complementary_k3_n5,resident,O-ADD-WARM,6,6,6,0,"[""complementary_k3_n5:1"",""complementary_k3_n5:2"",""complementary_k3_n5:3"",""complementary_k3_n5:4"",""complementary_k3_n5:5"",""complementary_k3_n5:6""]",[],4742336,2666612,0,0,1,True
complementary_k3_n5,resident,O-ENUM-RECEIVER,1,1,1,0,"[""complementary_k3_n5:1""]",[],695401,653876,0,0,1,True
complementary_k3_n5,resident,O-ENUM-RECEIVER,2,2,2,0,"[""complementary_k3_n5:1"",""complementary_k3_n5:2""]",[],946726,862851,0,0,1,True
complementary_k3_n5,resident,O-ENUM-RECEIVER,3,3,3,0,"[""complementary_k3_n5:1"",""complementary_k3_n5:2"",""complementary_k3_n5:3""]",[],1187752,1061519,0,0,1,True
complementary_k3_n5,resident,O-ENUM-RECEIVER,4,4,4,0,"[""complementary_k3_n5:1"",""complementary_k3_n5:2"",""complementary_k3_n5:3"",""complementary_k3_n5:4""]",[],1445267,1274678,0,0,1,True
complementary_k3_n5,resident,O-ENUM-RECEIVER,5,5,5,0,"[""complementary_k3_n5:1"",""complementary_k3_n5:2"",""complementary_k3_n5:3"",""complementary_k3_n5:4"",""complementary_k3_n5:5""]",[],1722909,1507942,0,0,1,True
complementary_k3_n5,resident,O-ENUM-RECEIVER,6,6,6,0,"[""complementary_k3_n5:1"",""complementary_k3_n5:2"",""complementary_k3_n5:3"",""complementary_k3_n5:4"",""complementary_k3_n5:5"",""complementary_k3_n5:6""]",[],1981745,1721453,0,0,1,True
complementary_k3_n5,resident,O-ADD-PORTFOLIO,1,1,0,1,[],"[""complementary_k3_n5:1""]",2055819,1047665,2055819,1047665,1,False
complementary_k3_n5,resident,O-ADD-PORTFOLIO,2,2,1,1,"[""complementary_k3_n5:2""]","[""complementary_k3_n5:1""]",4364724,1975233,2055819,1047665,1,False
complementary_k3_n5,resident,O-ADD-PORTFOLIO,3,3,2,1,"[""complementary_k3_n5:2"",""complementary_k3_n5:3""]","[""complementary_k3_n5:1""]",5139128,2292301,2055819,1047665,1,False
complementary_k3_n5,resident,O-ADD-PORTFOLIO,4,4,3,1,"[""complementary_k3_n5:2"",""complementary_k3_n5:3"",""complementary_k3_n5:4""]","[""complementary_k3_n5:1""]",5970277,2628792,2055819,1047665,1,False
complementary_k3_n5,resident,O-ADD-PORTFOLIO,5,5,4,1,"[""complementary_k3_n5:2"",""complementary_k3_n5:3"",""complementary_k3_n5:4"",""complementary_k3_n5:5""]","[""complementary_k3_n5:1""]",6798800,2963383,2055819,1047665,1,False
complementary_k3_n5,resident,O-ADD-PORTFOLIO,6,6,5,1,"[""complementary_k3_n5:2"",""complementary_k3_n5:3"",""complementary_k3_n5:4"",""complementary_k3_n5:5"",""complementary_k3_n5:6""]","[""complementary_k3_n5:1""]",7648895,3305526,2055819,1047665,1,False
complementary_k3_n5,fresh,P-REUSE,1,1,0,1,[],"[""complementary_k3_n5:1""]",2091712,1047665,2091712,1047665,1,False
complementary_k3_n5,fresh,P-REUSE,2,2,1,1,"[""complementary_k3_n5:2""]","[""complementary_k3_n5:1""]",3955607,1804806,2091712,1047665,1,False
complementary_k3_n5,fresh,P-REUSE,3,3,2,1,"[""complementary_k3_n5:2"",""complementary_k3_n5:3""]","[""complementary_k3_n5:1""]",5173152,2560891,2091712,1047665,1,False
complementary_k3_n5,fresh,P-REUSE,4,4,3,1,"[""complementary_k3_n5:2"",""complementary_k3_n5:3"",""complementary_k3_n5:4""]","[""complementary_k3_n5:1""]",6447442,3336399,2091712,1047665,1,False
complementary_k3_n5,fresh,P-REUSE,5,5,4,1,"[""complementary_k3_n5:2"",""complementary_k3_n5:3"",""complementary_k3_n5:4"",""complementary_k3_n5:5""]","[""complementary_k3_n5:1""]",7719106,4110007,2091712,1047665,1,False
complementary_k3_n5,fresh,P-REUSE,6,6,5,1,"[""complementary_k3_n5:2"",""complementary_k3_n5:3"",""complementary_k3_n5:4"",""complementary_k3_n5:5"",""complementary_k3_n5:6""]","[""complementary_k3_n5:1""]",9012342,4891167,2091712,1047665,1,False
complementary_k3_n5,fresh,P-FRESH,1,1,1,0,"[""complementary_k3_n5:1""]",[],2538009,878991,0,0,1,True
complementary_k3_n5,fresh,P-FRESH,2,2,2,0,"[""complementary_k3_n5:1"",""complementary_k3_n5:2""]",[],4179135,1215538,0,0,1,True
complementary_k3_n5,fresh,P-FRESH,3,3,3,0,"[""complementary_k3_n5:1"",""complementary_k3_n5:2"",""complementary_k3_n5:3""]",[],5364682,1481279,0,0,1,True
complementary_k3_n5,fresh,P-FRESH,4,4,4,0,"[""complementary_k3_n5:1"",""complementary_k3_n5:2"",""complementary_k3_n5:3"",""complementary_k3_n5:4""]",[],6667524,1771430,0,0,1,True
complementary_k3_n5,fresh,P-FRESH,5,5,5,0,"[""complementary_k3_n5:1"",""complementary_k3_n5:2"",""complementary_k3_n5:3"",""complementary_k3_n5:4"",""complementary_k3_n5:5""]",[],8756264,2201363,0,0,1,True
complementary_k3_n5,fresh,P-FRESH,6,6,6,0,"[""complementary_k3_n5:1"",""complementary_k3_n5:2"",""complementary_k3_n5:3"",""complementary_k3_n5:4"",""complementary_k3_n5:5"",""complementary_k3_n5:6""]",[],10085882,2493616,0,0,1,True
complementary_k3_n5,fresh,O-ADD-COLD,1,1,1,0,"[""complementary_k3_n5:1""]",[],1326764,935349,0,0,1,True
complementary_k3_n5,fresh,O-ADD-COLD,2,2,2,0,"[""complementary_k3_n5:1"",""complementary_k3_n5:2""]",[],2307740,1488809,0,0,1,True
complementary_k3_n5,fresh,O-ADD-COLD,3,3,3,0,"[""complementary_k3_n5:1"",""complementary_k3_n5:2"",""complementary_k3_n5:3""]",[],3328742,2065805,0,0,1,True
complementary_k3_n5,fresh,O-ADD-COLD,4,4,4,0,"[""complementary_k3_n5:1"",""complementary_k3_n5:2"",""complementary_k3_n5:3"",""complementary_k3_n5:4""]",[],4437244,2691189,0,0,1,True
complementary_k3_n5,fresh,O-ADD-COLD,5,5,5,0,"[""complementary_k3_n5:1"",""complementary_k3_n5:2"",""complementary_k3_n5:3"",""complementary_k3_n5:4"",""complementary_k3_n5:5""]",[],5511360,3295694,0,0,1,True
complementary_k3_n5,fresh,O-ADD-COLD,6,6,6,0,"[""complementary_k3_n5:1"",""complementary_k3_n5:2"",""complementary_k3_n5:3"",""complementary_k3_n5:4"",""complementary_k3_n5:5"",""complementary_k3_n5:6""]",[],6675002,3950002,0,0,1,True
complementary_k3_n5,fresh,O-ADD-WARM,1,1,1,0,"[""complementary_k3_n5:1""]",[],1326769,935349,0,0,1,True
complementary_k3_n5,fresh,O-ADD-WARM,2,2,2,0,"[""complementary_k3_n5:1"",""complementary_k3_n5:2""]",[],2246357,1501147,0,0,1,True
complementary_k3_n5,fresh,O-ADD-WARM,3,3,3,0,"[""complementary_k3_n5:1"",""complementary_k3_n5:2"",""complementary_k3_n5:3""]",[],3259656,2132752,0,0,1,True
complementary_k3_n5,fresh,O-ADD-WARM,4,4,4,0,"[""complementary_k3_n5:1"",""complementary_k3_n5:2"",""complementary_k3_n5:3"",""complementary_k3_n5:4""]",[],4441595,2873301,0,0,1,True
complementary_k3_n5,fresh,O-ADD-WARM,5,5,5,0,"[""complementary_k3_n5:1"",""complementary_k3_n5:2"",""complementary_k3_n5:3"",""complementary_k3_n5:4"",""complementary_k3_n5:5""]",[],5710173,3682302,0,0,1,True
complementary_k3_n5,fresh,O-ADD-WARM,6,6,6,0,"[""complementary_k3_n5:1"",""complementary_k3_n5:2"",""complementary_k3_n5:3"",""complementary_k3_n5:4"",""complementary_k3_n5:5"",""complementary_k3_n5:6""]",[],7110268,4577484,0,0,1,True
complementary_k3_n5,fresh,O-ENUM-RECEIVER,1,1,1,0,"[""complementary_k3_n5:1""]",[],695399,653876,0,0,1,True
complementary_k3_n5,fresh,O-ENUM-RECEIVER,2,2,2,0,"[""complementary_k3_n5:1"",""complementary_k3_n5:2""]",[],946722,862851,0,0,1,True
complementary_k3_n5,fresh,O-ENUM-RECEIVER,3,3,3,0,"[""complementary_k3_n5:1"",""complementary_k3_n5:2"",""complementary_k3_n5:3""]",[],1187746,1061519,0,0,1,True
complementary_k3_n5,fresh,O-ENUM-RECEIVER,4,4,4,0,"[""complementary_k3_n5:1"",""complementary_k3_n5:2"",""complementary_k3_n5:3"",""complementary_k3_n5:4""]",[],1445259,1274678,0,0,1,True
complementary_k3_n5,fresh,O-ENUM-RECEIVER,5,5,5,0,"[""complementary_k3_n5:1"",""complementary_k3_n5:2"",""complementary_k3_n5:3"",""complementary_k3_n5:4"",""complementary_k3_n5:5""]",[],1722899,1507942,0,0,1,True
complementary_k3_n5,fresh,O-ENUM-RECEIVER,6,6,6,0,"[""complementary_k3_n5:1"",""complementary_k3_n5:2"",""complementary_k3_n5:3"",""complementary_k3_n5:4"",""complementary_k3_n5:5"",""complementary_k3_n5:6""]",[],1981733,1721453,0,0,1,True
complementary_k3_n5,fresh,O-ADD-PORTFOLIO,1,1,0,1,[],"[""complementary_k3_n5:1""]",2055816,1047665,2055816,1047665,1,False
complementary_k3_n5,fresh,O-ADD-PORTFOLIO,2,2,1,1,"[""complementary_k3_n5:2""]","[""complementary_k3_n5:1""]",4364713,1975233,2055816,1047665,1,False
complementary_k3_n5,fresh,O-ADD-PORTFOLIO,3,3,2,1,"[""complementary_k3_n5:2"",""complementary_k3_n5:3""]","[""complementary_k3_n5:1""]",5758796,2901745,2055816,1047665,1,False
complementary_k3_n5,fresh,O-ADD-PORTFOLIO,4,4,3,1,"[""complementary_k3_n5:2"",""complementary_k3_n5:3"",""complementary_k3_n5:4""]","[""complementary_k3_n5:1""]",7209624,3847680,2055816,1047665,1,False
complementary_k3_n5,fresh,O-ADD-PORTFOLIO,5,5,4,1,"[""complementary_k3_n5:2"",""complementary_k3_n5:3"",""complementary_k3_n5:4"",""complementary_k3_n5:5""]","[""complementary_k3_n5:1""]",8657826,4791715,2055816,1047665,1,False
complementary_k3_n5,fresh,O-ADD-PORTFOLIO,6,6,5,1,"[""complementary_k3_n5:2"",""complementary_k3_n5:3"",""complementary_k3_n5:4"",""complementary_k3_n5:5"",""complementary_k3_n5:6""]","[""complementary_k3_n5:1""]",10127600,5743302,2055816,1047665,1,False
complementary_k5_n7,resident,P-REUSE,1,1,0,1,[],"[""complementary_k5_n7:1""]",3560268,1047665,3560268,1047665,1,False
complementary_k5_n7,resident,P-REUSE,2,2,0,2,[],"[""complementary_k5_n7:1"",""complementary_k5_n7:2""]",7122984,2095330,7122984,2095330,1,False
complementary_k5_n7,resident,P-REUSE,3,3,0,3,[],"[""complementary_k5_n7:1"",""complementary_k5_n7:2"",""complementary_k5_n7:3""]",10685885,3142995,10685885,3142995,1,False
complementary_k5_n7,resident,P-REUSE,4,4,0,4,[],"[""complementary_k5_n7:1"",""complementary_k5_n7:2"",""complementary_k5_n7:3"",""complementary_k5_n7:4""]",14255637,4190660,14255637,4190660,1,False
complementary_k5_n7,resident,P-REUSE,5,5,0,5,[],"[""complementary_k5_n7:1"",""complementary_k5_n7:2"",""complementary_k5_n7:3"",""complementary_k5_n7:4"",""complementary_k5_n7:5""]",17825529,5238325,17825529,5238325,1,False
complementary_k5_n7,resident,P-REUSE,6,6,0,6,[],"[""complementary_k5_n7:1"",""complementary_k5_n7:2"",""complementary_k5_n7:3"",""complementary_k5_n7:4"",""complementary_k5_n7:5"",""complementary_k5_n7:6""]",21398241,6285990,21398241,6285990,1,False
complementary_k5_n7,resident,P-FRESH,1,1,0,1,[],"[""complementary_k5_n7:1""]",9110083,1047665,9110083,1047665,1,False
complementary_k5_n7,resident,P-FRESH,2,2,1,1,"[""complementary_k5_n7:2""]","[""complementary_k5_n7:1""]",14887338,2059648,9110083,1047665,1,False
complementary_k5_n7,resident,P-FRESH,3,3,2,1,"[""complementary_k5_n7:2"",""complementary_k5_n7:3""]","[""complementary_k5_n7:1""]",19509542,2704458,9110083,1047665,1,False
complementary_k5_n7,resident,P-FRESH,4,4,3,1,"[""complementary_k5_n7:2"",""complementary_k5_n7:3"",""complementary_k5_n7:4""]","[""complementary_k5_n7:1""]",23801762,3378940,9110083,1047665,1,False
complementary_k5_n7,resident,P-FRESH,5,5,3,2,"[""complementary_k5_n7:2"",""complementary_k5_n7:3"",""complementary_k5_n7:4""]","[""complementary_k5_n7:1"",""complementary_k5_n7:5""]",31873584,4426605,17181905,2095330,1,False
complementary_k5_n7,resident,P-FRESH,6,6,4,2,"[""complementary_k5_n7:2"",""complementary_k5_n7:3"",""complementary_k5_n7:4"",""complementary_k5_n7:6""]","[""complementary_k5_n7:1"",""complementary_k5_n7:5""]",35990873,5105523,17181905,2095330,1,False
complementary_k5_n7,resident,O-ADD-COLD,1,1,0,1,[],"[""complementary_k5_n7:1""]",1487798,1047665,1487798,1047665,1,False
complementary_k5_n7,resident,O-ADD-COLD,2,2,1,1,"[""complementary_k5_n7:2""]","[""complementary_k5_n7:1""]",2945979,1867124,1487798,1047665,1,False
complementary_k5_n7,resident,O-ADD-COLD,3,3,2,1,"[""complementary_k5_n7:2"",""complementary_k5_n7:3""]","[""complementary_k5_n7:1""]",4495623,2741224,1487798,1047665,1,False
complementary_k5_n7,resident,O-ADD-COLD,4,4,3,1,"[""complementary_k5_n7:2"",""complementary_k5_n7:3"",""complementary_k5_n7:4""]","[""complementary_k5_n7:1""]",6140054,3668285,1487798,1047665,1,False
complementary_k5_n7,resident,O-ADD-COLD,5,5,4,1,"[""complementary_k5_n7:2"",""complementary_k5_n7:3"",""complementary_k5_n7:4"",""complementary_k5_n7:5""]","[""complementary_k5_n7:1""]",7695425,4541133,1487798,1047665,1,False
complementary_k5_n7,resident,O-ADD-COLD,6,6,5,1,"[""complementary_k5_n7:2"",""complementary_k5_n7:3"",""complementary_k5_n7:4"",""complementary_k5_n7:5"",""complementary_k5_n7:6""]","[""complementary_k5_n7:1""]",9372322,5482944,1487798,1047665,1,False
complementary_k5_n7,resident,O-ADD-WARM,1,1,0,1,[],"[""complementary_k5_n7:1""]",1487811,1047665,1487811,1047665,1,False
complementary_k5_n7,resident,O-ADD-WARM,2,2,1,1,"[""complementary_k5_n7:2""]","[""complementary_k5_n7:1""]",2948536,1867124,1487811,1047665,1,False
complementary_k5_n7,resident,O-ADD-WARM,3,3,2,1,"[""complementary_k5_n7:2"",""complementary_k5_n7:3""]","[""complementary_k5_n7:1""]",3783853,2279552,1487811,1047665,1,False
complementary_k5_n7,resident,O-ADD-WARM,4,4,3,1,"[""complementary_k5_n7:2"",""complementary_k5_n7:3"",""complementary_k5_n7:4""]","[""complementary_k5_n7:1""]",4746547,2761029,1487811,1047665,1,False
complementary_k5_n7,resident,O-ADD-WARM,5,5,4,1,"[""complementary_k5_n7:2"",""complementary_k5_n7:3"",""complementary_k5_n7:4"",""complementary_k5_n7:5""]","[""complementary_k5_n7:1""]",5667922,3205781,1487811,1047665,1,False
complementary_k5_n7,resident,O-ADD-WARM,6,6,5,1,"[""complementary_k5_n7:2"",""complementary_k5_n7:3"",""complementary_k5_n7:4"",""complementary_k5_n7:5"",""complementary_k5_n7:6""]","[""complementary_k5_n7:1""]",6712919,3719746,1487811,1047665,1,False
complementary_k5_n7,resident,O-ENUM-RECEIVER,1,1,0,1,[],"[""complementary_k5_n7:1""]",1082273,1047665,1082273,1047665,1,False
complementary_k5_n7,resident,O-ENUM-RECEIVER,2,2,1,1,"[""complementary_k5_n7:2""]","[""complementary_k5_n7:1""]",1833894,1742776,1082273,1047665,1,False
complementary_k5_n7,resident,O-ENUM-RECEIVER,3,3,2,1,"[""complementary_k5_n7:2"",""complementary_k5_n7:3""]","[""complementary_k5_n7:1""]",2525910,2378274,1082273,1047665,1,False
complementary_k5_n7,resident,O-ENUM-RECEIVER,4,4,3,1,"[""complementary_k5_n7:2"",""complementary_k5_n7:3"",""complementary_k5_n7:4""]","[""complementary_k5_n7:1""]",3250207,3044055,1082273,1047665,1,False
complementary_k5_n7,resident,O-ENUM-RECEIVER,5,5,4,1,"[""complementary_k5_n7:2"",""complementary_k5_n7:3"",""complementary_k5_n7:4"",""complementary_k5_n7:5""]","[""complementary_k5_n7:1""]",4094603,3829913,1082273,1047665,1,False
complementary_k5_n7,resident,O-ENUM-RECEIVER,6,6,5,1,"[""complementary_k5_n7:2"",""complementary_k5_n7:3"",""complementary_k5_n7:4"",""complementary_k5_n7:5"",""complementary_k5_n7:6""]","[""complementary_k5_n7:1""]",4812241,4488066,1082273,1047665,1,False
complementary_k5_n7,resident,O-ADD-PORTFOLIO,1,1,0,1,[],"[""complementary_k5_n7:1""]",2582427,1047665,2582427,1047665,1,False
complementary_k5_n7,resident,O-ADD-PORTFOLIO,2,2,0,2,[],"[""complementary_k5_n7:1"",""complementary_k5_n7:2""]",5570117,2095330,5570117,2095330,1,False
complementary_k5_n7,resident,O-ADD-PORTFOLIO,3,3,0,3,[],"[""complementary_k5_n7:1"",""complementary_k5_n7:2"",""complementary_k5_n7:3""]",8557768,3142995,8557768,3142995,1,False
complementary_k5_n7,resident,O-ADD-PORTFOLIO,4,4,0,4,[],"[""complementary_k5_n7:1"",""complementary_k5_n7:2"",""complementary_k5_n7:3"",""complementary_k5_n7:4""]",11582861,4190660,11582861,4190660,1,False
complementary_k5_n7,resident,O-ADD-PORTFOLIO,5,5,0,5,[],"[""complementary_k5_n7:1"",""complementary_k5_n7:2"",""complementary_k5_n7:3"",""complementary_k5_n7:4"",""complementary_k5_n7:5""]",14606660,5238325,14606660,5238325,1,False
complementary_k5_n7,resident,O-ADD-PORTFOLIO,6,6,0,6,[],"[""complementary_k5_n7:1"",""complementary_k5_n7:2"",""complementary_k5_n7:3"",""complementary_k5_n7:4"",""complementary_k5_n7:5"",""complementary_k5_n7:6""]",17644583,6285990,17644583,6285990,1,False
complementary_k5_n7,fresh,P-REUSE,1,1,0,1,[],"[""complementary_k5_n7:1""]",3560265,1047665,3560265,1047665,1,False
complementary_k5_n7,fresh,P-REUSE,2,2,0,2,[],"[""complementary_k5_n7:1"",""complementary_k5_n7:2""]",7122978,2095330,7122978,2095330,1,False
complementary_k5_n7,fresh,P-REUSE,3,3,0,3,[],"[""complementary_k5_n7:1"",""complementary_k5_n7:2"",""complementary_k5_n7:3""]",10685876,3142995,10685876,3142995,1,False
complementary_k5_n7,fresh,P-REUSE,4,4,0,4,[],"[""complementary_k5_n7:1"",""complementary_k5_n7:2"",""complementary_k5_n7:3"",""complementary_k5_n7:4""]",14255625,4190660,14255625,4190660,1,False
complementary_k5_n7,fresh,P-REUSE,5,5,0,5,[],"[""complementary_k5_n7:1"",""complementary_k5_n7:2"",""complementary_k5_n7:3"",""complementary_k5_n7:4"",""complementary_k5_n7:5""]",17825514,5238325,17825514,5238325,1,False
complementary_k5_n7,fresh,P-REUSE,6,6,0,6,[],"[""complementary_k5_n7:1"",""complementary_k5_n7:2"",""complementary_k5_n7:3"",""complementary_k5_n7:4"",""complementary_k5_n7:5"",""complementary_k5_n7:6""]",21398223,6285990,21398223,6285990,1,False
complementary_k5_n7,fresh,P-FRESH,1,1,0,1,[],"[""complementary_k5_n7:1""]",9110080,1047665,9110080,1047665,1,False
complementary_k5_n7,fresh,P-FRESH,2,2,1,1,"[""complementary_k5_n7:2""]","[""complementary_k5_n7:1""]",14887327,2059648,9110080,1047665,1,False
complementary_k5_n7,fresh,P-FRESH,3,3,2,1,"[""complementary_k5_n7:2"",""complementary_k5_n7:3""]","[""complementary_k5_n7:1""]",19509538,2704462,9110080,1047665,1,False
complementary_k5_n7,fresh,P-FRESH,4,4,3,1,"[""complementary_k5_n7:2"",""complementary_k5_n7:3"",""complementary_k5_n7:4""]","[""complementary_k5_n7:1""]",23801765,3378948,9110080,1047665,1,False
complementary_k5_n7,fresh,P-FRESH,5,5,3,2,"[""complementary_k5_n7:2"",""complementary_k5_n7:3"",""complementary_k5_n7:4""]","[""complementary_k5_n7:1"",""complementary_k5_n7:5""]",31873595,4426613,17181910,2095330,1,False
complementary_k5_n7,fresh,P-FRESH,6,6,4,2,"[""complementary_k5_n7:2"",""complementary_k5_n7:3"",""complementary_k5_n7:4"",""complementary_k5_n7:6""]","[""complementary_k5_n7:1"",""complementary_k5_n7:5""]",35990876,5105531,17181910,2095330,1,False
complementary_k5_n7,fresh,O-ADD-COLD,1,1,0,1,[],"[""complementary_k5_n7:1""]",1487798,1047665,1487798,1047665,1,False
complementary_k5_n7,fresh,O-ADD-COLD,2,2,1,1,"[""complementary_k5_n7:2""]","[""complementary_k5_n7:1""]",2945977,1867124,1487798,1047665,1,False
complementary_k5_n7,fresh,O-ADD-COLD,3,3,2,1,"[""complementary_k5_n7:2"",""complementary_k5_n7:3""]","[""complementary_k5_n7:1""]",4495619,2741224,1487798,1047665,1,False
complementary_k5_n7,fresh,O-ADD-COLD,4,4,3,1,"[""complementary_k5_n7:2"",""complementary_k5_n7:3"",""complementary_k5_n7:4""]","[""complementary_k5_n7:1""]",6140048,3668285,1487798,1047665,1,False
complementary_k5_n7,fresh,O-ADD-COLD,5,5,4,1,"[""complementary_k5_n7:2"",""complementary_k5_n7:3"",""complementary_k5_n7:4"",""complementary_k5_n7:5""]","[""complementary_k5_n7:1""]",7695417,4541133,1487798,1047665,1,False
complementary_k5_n7,fresh,O-ADD-COLD,6,6,5,1,"[""complementary_k5_n7:2"",""complementary_k5_n7:3"",""complementary_k5_n7:4"",""complementary_k5_n7:5"",""complementary_k5_n7:6""]","[""complementary_k5_n7:1""]",9372312,5482944,1487798,1047665,1,False
complementary_k5_n7,fresh,O-ADD-WARM,1,1,0,1,[],"[""complementary_k5_n7:1""]",1487806,1047665,1487806,1047665,1,False
complementary_k5_n7,fresh,O-ADD-WARM,2,2,1,1,"[""complementary_k5_n7:2""]","[""complementary_k5_n7:1""]",2945990,1867124,1487806,1047665,1,False
complementary_k5_n7,fresh,O-ADD-WARM,3,3,2,1,"[""complementary_k5_n7:2"",""complementary_k5_n7:3""]","[""complementary_k5_n7:1""]",4439640,2797758,1487806,1047665,1,False
complementary_k5_n7,fresh,O-ADD-WARM,4,4,2,2,"[""complementary_k5_n7:2"",""complementary_k5_n7:3""]","[""complementary_k5_n7:1"",""complementary_k5_n7:4""]",6111352,3834532,3159518,2084439,1,False
complementary_k5_n7,fresh,O-ADD-WARM,5,5,3,2,"[""complementary_k5_n7:2"",""complementary_k5_n7:3"",""complementary_k5_n7:5""]","[""complementary_k5_n7:1"",""complementary_k5_n7:4""]",7666726,4707380,3159518,2084439,1,False
complementary_k5_n7,fresh,O-ADD-WARM,6,6,4,2,"[""complementary_k5_n7:2"",""complementary_k5_n7:3"",""complementary_k5_n7:5"",""complementary_k5_n7:6""]","[""complementary_k5_n7:1"",""complementary_k5_n7:4""]",9352033,5750441,3159518,2084439,1,False
complementary_k5_n7,fresh,O-ENUM-RECEIVER,1,1,0,1,[],"[""complementary_k5_n7:1""]",1082273,1047665,1082273,1047665,1,False
complementary_k5_n7,fresh,O-ENUM-RECEIVER,2,2,1,1,"[""complementary_k5_n7:2""]","[""complementary_k5_n7:1""]",1833892,1742776,1082273,1047665,1,False
complementary_k5_n7,fresh,O-ENUM-RECEIVER,3,3,2,1,"[""complementary_k5_n7:2"",""complementary_k5_n7:3""]","[""complementary_k5_n7:1""]",2525906,2378274,1082273,1047665,1,False
complementary_k5_n7,fresh,O-ENUM-RECEIVER,4,4,3,1,"[""complementary_k5_n7:2"",""complementary_k5_n7:3"",""complementary_k5_n7:4""]","[""complementary_k5_n7:1""]",3250201,3044055,1082273,1047665,1,False
complementary_k5_n7,fresh,O-ENUM-RECEIVER,5,5,4,1,"[""complementary_k5_n7:2"",""complementary_k5_n7:3"",""complementary_k5_n7:4"",""complementary_k5_n7:5""]","[""complementary_k5_n7:1""]",4094595,3829913,1082273,1047665,1,False
complementary_k5_n7,fresh,O-ENUM-RECEIVER,6,6,5,1,"[""complementary_k5_n7:2"",""complementary_k5_n7:3"",""complementary_k5_n7:4"",""complementary_k5_n7:5"",""complementary_k5_n7:6""]","[""complementary_k5_n7:1""]",4812231,4488066,1082273,1047665,1,False
complementary_k5_n7,fresh,O-ADD-PORTFOLIO,1,1,0,1,[],"[""complementary_k5_n7:1""]",2582424,1047665,2582424,1047665,1,False
complementary_k5_n7,fresh,O-ADD-PORTFOLIO,2,2,0,2,[],"[""complementary_k5_n7:1"",""complementary_k5_n7:2""]",5570111,2095330,5570111,2095330,1,False
complementary_k5_n7,fresh,O-ADD-PORTFOLIO,3,3,0,3,[],"[""complementary_k5_n7:1"",""complementary_k5_n7:2"",""complementary_k5_n7:3""]",8557759,3142995,8557759,3142995,1,False
complementary_k5_n7,fresh,O-ADD-PORTFOLIO,4,4,0,4,[],"[""complementary_k5_n7:1"",""complementary_k5_n7:2"",""complementary_k5_n7:3"",""complementary_k5_n7:4""]",11582849,4190660,11582849,4190660,1,False
complementary_k5_n7,fresh,O-ADD-PORTFOLIO,5,5,0,5,[],"[""complementary_k5_n7:1"",""complementary_k5_n7:2"",""complementary_k5_n7:3"",""complementary_k5_n7:4"",""complementary_k5_n7:5""]",14606645,5238325,14606645,5238325,1,False
complementary_k5_n7,fresh,O-ADD-PORTFOLIO,6,6,0,6,[],"[""complementary_k5_n7:1"",""complementary_k5_n7:2"",""complementary_k5_n7:3"",""complementary_k5_n7:4"",""complementary_k5_n7:5"",""complementary_k5_n7:6""]",17644565,6285990,17644565,6285990,1,False
