stream,recipient,method,request_index,case,status,total_units,consumer_units,source_units,proof_bytes,producer_live_bytes,receiver_live_bytes,producer_retained_bytes,receiver_retained_bytes,observed_consumer_bill_le_1048576,observed_bill_plus_reserve_le_1048576,observed_consumer_bill_le_4194304,observed_bill_plus_reserve_le_4194304,observed_consumer_bill_le_16777216,observed_bill_plus_reserve_le_16777216
complementary_k3_n5,fresh,O-ADD-COLD,1,complementary_k3_n5/edit/00,DELIVERED,1326764,935349,430041,6398,22495,23162,3985,5079,True,True,True,True,True,True
complementary_k3_n5,fresh,O-ADD-COLD,2,complementary_k3_n5/edit/01,DELIVERED,980976,553460,0,6830,23939,24372,3985,5109,True,True,True,True,True,True
complementary_k3_n5,fresh,O-ADD-COLD,3,complementary_k3_n5/edit/02,DELIVERED,1021002,576996,0,7051,24676,24973,3985,5115,True,True,True,True,True,True
complementary_k3_n5,fresh,O-ADD-COLD,4,complementary_k3_n5/edit/03,DELIVERED,1108502,625384,0,7474,26041,26342,3985,5244,True,True,True,True,True,True
complementary_k3_n5,fresh,O-ADD-COLD,5,complementary_k3_n5/edit/04,DELIVERED,1074116,604505,0,7332,25541,25929,3985,5248,True,True,True,True,True,True
complementary_k3_n5,fresh,O-ADD-COLD,6,complementary_k3_n5/edit/05,DELIVERED,1163642,654308,0,7890,27456,27505,3985,5287,True,True,True,True,True,True
complementary_k3_n5,fresh,O-ADD-PORTFOLIO,1,complementary_k3_n5/edit/00,DELIVERED,2711226,1348251,430041,4273,25854,14856,18639,5079,False,False,True,True,True,True
complementary_k3_n5,fresh,O-ADD-PORTFOLIO,2,complementary_k3_n5/edit/01,DELIVERED,1394788,927568,0,4295,25914,14946,18639,5109,True,True,True,True,True,True
complementary_k3_n5,fresh,O-ADD-PORTFOLIO,3,complementary_k3_n5/edit/02,DELIVERED,1394083,926512,0,4301,25926,14964,18639,5115,True,True,True,True,True,True
complementary_k3_n5,fresh,O-ADD-PORTFOLIO,4,complementary_k3_n5/edit/03,DELIVERED,1450828,945935,0,4394,26184,15351,18639,5244,True,True,True,True,True,True
complementary_k3_n5,fresh,O-ADD-PORTFOLIO,5,complementary_k3_n5/edit/04,DELIVERED,1448202,944035,0,4398,26192,15363,18639,5248,True,True,True,True,True,True
complementary_k3_n5,fresh,O-ADD-PORTFOLIO,6,complementary_k3_n5/edit/05,DELIVERED,1469774,951587,0,4425,26270,15480,18639,5287,True,True,True,True,True,True
complementary_k3_n5,fresh,O-ADD-WARM,1,complementary_k3_n5/edit/00,DELIVERED,1326769,935349,430041,6398,22495,23162,12643,5079,True,True,True,True,True,True
complementary_k3_n5,fresh,O-ADD-WARM,2,complementary_k3_n5/edit/01,DELIVERED,919588,565798,0,6949,24312,24628,13793,5109,True,True,True,True,True,True
complementary_k3_n5,fresh,O-ADD-WARM,3,complementary_k3_n5/edit/02,DELIVERED,1013299,631605,0,7554,26335,26232,15123,5115,True,True,True,True,True,True
complementary_k3_n5,fresh,O-ADD-WARM,4,complementary_k3_n5/edit/03,DELIVERED,1181939,740549,0,8524,29532,29032,17051,5244,True,True,True,True,True,True
complementary_k3_n5,fresh,O-ADD-WARM,5,complementary_k3_n5/edit/04,DELIVERED,1268578,809001,0,9184,31719,30716,18478,5248,True,True,True,True,True,True
complementary_k3_n5,fresh,O-ADD-WARM,6,complementary_k3_n5/edit/05,DELIVERED,1400095,895182,0,10101,34742,33019,20339,5287,True,True,True,True,True,True
complementary_k3_n5,fresh,O-ENUM-RECEIVER,1,complementary_k3_n5/edit/00,DELIVERED,695399,653876,430041,0,4048,7067,3990,5079,True,True,True,True,True,True
complementary_k3_n5,fresh,O-ENUM-RECEIVER,2,complementary_k3_n5/edit/01,DELIVERED,251323,208975,0,0,4048,7127,3990,5109,True,True,True,True,True,True
complementary_k3_n5,fresh,O-ENUM-RECEIVER,3,complementary_k3_n5/edit/02,DELIVERED,241024,198668,0,0,4048,7139,3990,5115,True,True,True,True,True,True
complementary_k3_n5,fresh,O-ENUM-RECEIVER,4,complementary_k3_n5/edit/03,DELIVERED,257513,213159,0,0,4048,7397,3990,5244,True,True,True,True,True,True
complementary_k3_n5,fresh,O-ENUM-RECEIVER,5,complementary_k3_n5/edit/04,DELIVERED,277640,233264,0,0,4048,7405,3990,5248,True,True,True,True,True,True
complementary_k3_n5,fresh,O-ENUM-RECEIVER,6,complementary_k3_n5/edit/05,DELIVERED,258834,213511,0,0,4048,7483,3990,5287,True,True,True,True,True,True
complementary_k3_n5,fresh,P-FRESH,1,complementary_k3_n5/edit/00,DELIVERED,2538009,878991,430041,1985,8399,9496,3980,5079,True,True,True,True,True,True
complementary_k3_n5,fresh,P-FRESH,2,complementary_k3_n5/edit/01,DELIVERED,1641126,336547,0,1903,8339,9466,3980,5109,True,True,True,True,True,True
complementary_k3_n5,fresh,P-FRESH,3,complementary_k3_n5/edit/02,DELIVERED,1185547,265741,0,1807,8233,9366,3980,5115,True,True,True,True,True,True
complementary_k3_n5,fresh,P-FRESH,4,complementary_k3_n5/edit/03,DELIVERED,1302842,290151,0,1900,8491,9753,3980,5244,True,True,True,True,True,True
complementary_k3_n5,fresh,P-FRESH,5,complementary_k3_n5/edit/04,DELIVERED,2088740,429933,0,2058,8677,9943,3980,5248,True,True,True,True,True,True
complementary_k3_n5,fresh,P-FRESH,6,complementary_k3_n5/edit/05,DELIVERED,1329618,292253,0,1935,8581,9886,3980,5287,True,True,True,True,True,True
complementary_k3_n5,fresh,P-REUSE,1,complementary_k3_n5/edit/00,DELIVERED,2266224,1177824,430041,4273,19819,14808,12604,5079,False,False,True,True,True,True
complementary_k3_n5,fresh,P-REUSE,2,complementary_k3_n5/edit/01,DELIVERED,1218250,757141,0,4295,19879,14898,12604,5109,True,True,True,True,True,True
complementary_k3_n5,fresh,P-REUSE,3,complementary_k3_n5/edit/02,DELIVERED,1217545,756085,0,4301,19891,14916,12604,5115,True,True,True,True,True,True
complementary_k3_n5,fresh,P-REUSE,4,complementary_k3_n5/edit/03,DELIVERED,1274290,775508,0,4394,20149,15303,12604,5244,True,True,True,True,True,True
complementary_k3_n5,fresh,P-REUSE,5,complementary_k3_n5/edit/04,DELIVERED,1271664,773608,0,4398,20157,15315,12604,5248,True,True,True,True,True,True
complementary_k3_n5,fresh,P-REUSE,6,complementary_k3_n5/edit/05,DELIVERED,1293236,781160,0,4425,20235,15432,12604,5287,True,True,True,True,True,True
complementary_k3_n5,resident,O-ADD-COLD,1,complementary_k3_n5/edit/00,DELIVERED,1326766,935349,430041,6398,22495,23162,3985,5079,True,True,True,True,True,True
complementary_k3_n5,resident,O-ADD-COLD,2,complementary_k3_n5/edit/01,DELIVERED,980978,553460,0,6830,23939,24372,3985,5109,True,True,True,True,True,True
complementary_k3_n5,resident,O-ADD-COLD,3,complementary_k3_n5/edit/02,DELIVERED,1021004,576996,0,7051,24676,24973,3985,5115,True,True,True,True,True,True
complementary_k3_n5,resident,O-ADD-COLD,4,complementary_k3_n5/edit/03,DELIVERED,1108504,625384,0,7474,26041,26342,3985,5244,True,True,True,True,True,True
complementary_k3_n5,resident,O-ADD-COLD,5,complementary_k3_n5/edit/04,DELIVERED,1074152,604505,0,7332,25541,25929,3985,5248,True,True,True,True,True,True
complementary_k3_n5,resident,O-ADD-COLD,6,complementary_k3_n5/edit/05,DELIVERED,1163678,654308,0,7890,27456,27505,3985,5287,True,True,True,True,True,True
complementary_k3_n5,resident,O-ADD-PORTFOLIO,1,complementary_k3_n5/edit/00,DELIVERED,2711234,1348251,430041,4273,25854,14856,8940,7641,False,False,True,True,True,True
complementary_k3_n5,resident,O-ADD-PORTFOLIO,2,complementary_k3_n5/edit/01,DELIVERED,775109,318124,0,4295,16215,14946,8940,7671,True,True,True,True,True,True
complementary_k3_n5,resident,O-ADD-PORTFOLIO,3,complementary_k3_n5/edit/02,DELIVERED,774404,317068,0,4301,16227,14964,8940,7677,True,True,True,True,True,True
complementary_k3_n5,resident,O-ADD-PORTFOLIO,4,complementary_k3_n5/edit/03,DELIVERED,831149,336491,0,4394,16485,15351,8940,7806,True,True,True,True,True,True
complementary_k3_n5,resident,O-ADD-PORTFOLIO,5,complementary_k3_n5/edit/04,DELIVERED,828523,334591,0,4398,16493,15363,8940,7810,True,True,True,True,True,True
complementary_k3_n5,resident,O-ADD-PORTFOLIO,6,complementary_k3_n5/edit/05,DELIVERED,850095,342143,0,4425,16571,15480,8940,7849,True,True,True,True,True,True
complementary_k3_n5,resident,O-ADD-WARM,1,complementary_k3_n5/edit/00,DELIVERED,1329229,935349,430041,6398,23917,23162,14065,13310,True,True,True,True,True,True
complementary_k3_n5,resident,O-ADD-WARM,2,complementary_k3_n5/edit/01,DELIVERED,561448,281965,0,3610,21518,20514,15216,14212,True,True,True,True,True,True
complementary_k3_n5,resident,O-ADD-WARM,3,complementary_k3_n5/edit/02,DELIVERED,608872,309011,0,3688,22936,21616,16546,15226,True,True,True,True,True,True
complementary_k3_n5,resident,O-ADD-WARM,4,complementary_k3_n5/edit/03,DELIVERED,731692,379818,0,4058,25451,23836,18474,16859,True,True,True,True,True,True
complementary_k3_n5,resident,O-ADD-WARM,5,complementary_k3_n5/edit/04,DELIVERED,717737,360524,0,3841,26627,24611,19901,17885,True,True,True,True,True,True
complementary_k3_n5,resident,O-ADD-WARM,6,complementary_k3_n5/edit/05,DELIVERED,793358,399945,0,4102,28898,26264,21762,19128,True,True,True,True,True,True
complementary_k3_n5,resident,O-ENUM-RECEIVER,1,complementary_k3_n5/edit/00,DELIVERED,695401,653876,430041,0,4048,7067,3990,5079,True,True,True,True,True,True
complementary_k3_n5,resident,O-ENUM-RECEIVER,2,complementary_k3_n5/edit/01,DELIVERED,251325,208975,0,0,4048,7127,3990,5109,True,True,True,True,True,True
complementary_k3_n5,resident,O-ENUM-RECEIVER,3,complementary_k3_n5/edit/02,DELIVERED,241026,198668,0,0,4048,7139,3990,5115,True,True,True,True,True,True
complementary_k3_n5,resident,O-ENUM-RECEIVER,4,complementary_k3_n5/edit/03,DELIVERED,257515,213159,0,0,4048,7397,3990,5244,True,True,True,True,True,True
complementary_k3_n5,resident,O-ENUM-RECEIVER,5,complementary_k3_n5/edit/04,DELIVERED,277642,233264,0,0,4048,7405,3990,5248,True,True,True,True,True,True
complementary_k3_n5,resident,O-ENUM-RECEIVER,6,complementary_k3_n5/edit/05,DELIVERED,258836,213511,0,0,4048,7483,3990,5287,True,True,True,True,True,True
complementary_k3_n5,resident,P-FRESH,1,complementary_k3_n5/edit/00,DELIVERED,2538017,878991,430041,1985,8399,9496,3980,5077,True,True,True,True,True,True
complementary_k3_n5,resident,P-FRESH,2,complementary_k3_n5/edit/01,DELIVERED,1641119,336543,0,1903,8339,9466,3980,5107,True,True,True,True,True,True
complementary_k3_n5,resident,P-FRESH,3,complementary_k3_n5/edit/02,DELIVERED,1185540,265737,0,1807,8233,9366,3980,5113,True,True,True,True,True,True
complementary_k3_n5,resident,P-FRESH,4,complementary_k3_n5/edit/03,DELIVERED,1302835,290147,0,1900,8491,9753,3980,5242,True,True,True,True,True,True
complementary_k3_n5,resident,P-FRESH,5,complementary_k3_n5/edit/04,DELIVERED,2088733,429929,0,2058,8677,9943,3980,5246,True,True,True,True,True,True
complementary_k3_n5,resident,P-FRESH,6,complementary_k3_n5/edit/05,DELIVERED,1329611,292249,0,1935,8581,9886,3980,5285,True,True,True,True,True,True
complementary_k3_n5,resident,P-REUSE,1,complementary_k3_n5/edit/00,DELIVERED,2266232,1177824,430041,4273,19819,14808,8884,7593,False,False,True,True,True,True
complementary_k3_n5,resident,P-REUSE,2,complementary_k3_n5/edit/01,DELIVERED,775005,318076,0,4295,16159,14898,8884,7623,True,True,True,True,True,True
complementary_k3_n5,resident,P-REUSE,3,complementary_k3_n5/edit/02,DELIVERED,774300,317020,0,4301,16171,14916,8884,7629,True,True,True,True,True,True
complementary_k3_n5,resident,P-REUSE,4,complementary_k3_n5/edit/03,DELIVERED,831045,336443,0,4394,16429,15303,8884,7758,True,True,True,True,True,True
complementary_k3_n5,resident,P-REUSE,5,complementary_k3_n5/edit/04,DELIVERED,828419,334543,0,4398,16437,15315,8884,7762,True,True,True,True,True,True
complementary_k3_n5,resident,P-REUSE,6,complementary_k3_n5/edit/05,DELIVERED,849991,342095,0,4425,16515,15432,8884,7801,True,True,True,True,True,True
complementary_k5_n7,fresh,O-ADD-COLD,1,complementary_k5_n7/edit/00,DELIVERED,1809602,1204733,430041,9415,32746,31374,4241,5427,False,False,True,True,True,True
complementary_k5_n7,fresh,O-ADD-COLD,2,complementary_k5_n7/edit/01,DELIVERED,1458179,819459,0,9824,34107,32513,4241,5457,True,True,True,True,True,True
complementary_k5_n7,fresh,O-ADD-COLD,3,complementary_k5_n7/edit/02,DELIVERED,1549642,874100,0,10331,35828,33935,4241,5463,True,True,True,True,True,True
complementary_k5_n7,fresh,O-ADD-COLD,4,complementary_k5_n7/edit/03,DELIVERED,1644429,927061,0,10800,37345,35427,4241,5592,True,True,True,True,True,True
complementary_k5_n7,fresh,O-ADD-COLD,5,complementary_k5_n7/edit/04,DELIVERED,1555369,872848,0,10353,35804,34148,4241,5596,True,True,True,True,True,True
complementary_k5_n7,fresh,O-ADD-COLD,6,complementary_k5_n7/edit/05,DELIVERED,1676895,941811,0,11154,38542,36346,4241,5635,True,True,True,True,True,True
complementary_k5_n7,fresh,O-ADD-PORTFOLIO,1,complementary_k5_n7/edit/00,DELIVERED,3698320,1713104,430041,4813,31115,16540,22812,5427,False,False,True,True,True,True
complementary_k5_n7,fresh,O-ADD-PORTFOLIO,2,complementary_k5_n7/edit/01,DELIVERED,1882156,1292421,0,4835,31175,16630,22812,5457,False,False,True,True,True,True
complementary_k5_n7,fresh,O-ADD-PORTFOLIO,3,complementary_k5_n7/edit/02,DELIVERED,1880317,1290609,0,4841,31187,16648,22812,5463,False,False,True,True,True,True
complementary_k5_n7,fresh,O-ADD-PORTFOLIO,4,complementary_k5_n7/edit/03,DELIVERED,1938196,1310788,0,4934,31445,17035,22812,5592,False,False,True,True,True,True
complementary_k5_n7,fresh,O-ADD-PORTFOLIO,5,complementary_k5_n7/edit/04,DELIVERED,1933890,1307768,0,4938,31453,17047,22812,5596,False,False,True,True,True,True
complementary_k5_n7,fresh,O-ADD-PORTFOLIO,6,complementary_k5_n7/edit/05,DELIVERED,1956008,1315684,0,4965,31531,17164,22812,5635,False,False,True,True,True,True
complementary_k5_n7,fresh,O-ADD-WARM,1,complementary_k5_n7/edit/00,DELIVERED,1809607,1204733,430041,9415,32746,31374,18665,5427,False,False,True,True,True,True
complementary_k5_n7,fresh,O-ADD-WARM,2,complementary_k5_n7/edit/01,DELIVERED,1344605,835261,0,9970,34575,32847,19823,5457,True,True,True,True,True,True
complementary_k5_n7,fresh,O-ADD-WARM,3,complementary_k5_n7/edit/02,DELIVERED,1515095,946432,0,11010,38065,35622,22123,5463,True,True,True,True,True,True
complementary_k5_n7,fresh,O-ADD-WARM,4,complementary_k5_n7/edit/03,DELIVERED,1724737,1088852,0,12310,42385,39356,24808,5592,False,False,True,True,True,True
complementary_k5_n7,fresh,O-ADD-WARM,5,complementary_k5_n7/edit/04,DELIVERED,1817752,1166960,0,13117,45058,41416,26562,5596,False,False,True,True,True,True
complementary_k5_n7,fresh,O-ADD-WARM,6,complementary_k5_n7/edit/05,DELIVERED,2002321,1286752,0,14443,49487,44839,29334,5635,False,False,True,True,True,True
complementary_k5_n7,fresh,O-ENUM-RECEIVER,1,complementary_k5_n7/edit/00,DELIVERED,1287695,1232012,430041,0,4304,7763,4246,5427,False,False,True,True,True,True
complementary_k5_n7,fresh,O-ENUM-RECEIVER,2,complementary_k5_n7/edit/01,DELIVERED,751619,695111,0,0,4304,7823,4246,5457,True,True,True,True,True,True
complementary_k5_n7,fresh,O-ENUM-RECEIVER,3,complementary_k5_n7/edit/02,DELIVERED,692014,635498,0,0,4304,7835,4246,5463,True,True,True,True,True,True
complementary_k5_n7,fresh,O-ENUM-RECEIVER,4,complementary_k5_n7/edit/03,DELIVERED,724295,665781,0,0,4304,8093,4246,5592,True,True,True,True,True,True
complementary_k5_n7,fresh,O-ENUM-RECEIVER,5,complementary_k5_n7/edit/04,DELIVERED,844394,785858,0,0,4304,8101,4246,5596,True,True,True,True,True,True
complementary_k5_n7,fresh,O-ENUM-RECEIVER,6,complementary_k5_n7/edit/05,DELIVERED,717636,658153,0,0,4304,8179,4246,5635,True,True,True,True,True,True
complementary_k5_n7,fresh,P-FRESH,1,complementary_k5_n7/edit/00,DELIVERED,10222365,2132375,430041,3413,10719,11908,4236,5427,False,False,True,True,True,True
complementary_k5_n7,fresh,P-FRESH,2,complementary_k5_n7/edit/01,DELIVERED,5777230,1011983,0,2743,9975,11194,4236,5457,True,True,True,True,True,True
complementary_k5_n7,fresh,P-FRESH,3,complementary_k5_n7/edit/02,DELIVERED,4622211,644814,0,2617,9839,11064,4236,5463,True,True,True,True,True,True
complementary_k5_n7,fresh,P-FRESH,4,complementary_k5_n7/edit/03,DELIVERED,4292227,674486,0,2584,9947,11301,4236,5592,True,True,True,True,True,True
complementary_k5_n7,fresh,P-FRESH,5,complementary_k5_n7/edit/04,DELIVERED,8501932,1450256,0,3192,10655,12013,4236,5596,False,False,True,True,True,True
complementary_k5_n7,fresh,P-FRESH,6,complementary_k5_n7/edit/05,DELIVERED,4117264,678918,0,2573,9983,11380,4236,5635,True,True,True,True,True,True
complementary_k5_n7,fresh,P-REUSE,1,complementary_k5_n7/edit/00,DELIVERED,4857888,1902386,430041,4813,23635,16492,15332,5427,False,False,True,True,True,True
complementary_k5_n7,fresh,P-REUSE,2,complementary_k5_n7/edit/01,DELIVERED,2063882,1481703,0,4835,23695,16582,15332,5457,False,False,True,True,True,True
complementary_k5_n7,fresh,P-REUSE,3,complementary_k5_n7/edit/02,DELIVERED,2062043,1479891,0,4841,23707,16600,15332,5463,False,False,True,True,True,True
complementary_k5_n7,fresh,P-REUSE,4,complementary_k5_n7/edit/03,DELIVERED,2119922,1500070,0,4934,23965,16987,15332,5592,False,False,True,True,True,True
complementary_k5_n7,fresh,P-REUSE,5,complementary_k5_n7/edit/04,DELIVERED,2115616,1497050,0,4938,23973,16999,15332,5596,False,False,True,True,True,True
complementary_k5_n7,fresh,P-REUSE,6,complementary_k5_n7/edit/05,DELIVERED,2137734,1504966,0,4965,24051,17116,15332,5635,False,False,True,True,True,True
complementary_k5_n7,resident,O-ADD-COLD,1,complementary_k5_n7/edit/00,DELIVERED,1809604,1204733,430041,9415,32746,31374,4241,5427,False,False,True,True,True,True
complementary_k5_n7,resident,O-ADD-COLD,2,complementary_k5_n7/edit/01,DELIVERED,1458181,819459,0,9824,34107,32513,4241,5457,True,True,True,True,True,True
complementary_k5_n7,resident,O-ADD-COLD,3,complementary_k5_n7/edit/02,DELIVERED,1549644,874100,0,10331,35828,33935,4241,5463,True,True,True,True,True,True
complementary_k5_n7,resident,O-ADD-COLD,4,complementary_k5_n7/edit/03,DELIVERED,1644431,927061,0,10800,37345,35427,4241,5592,True,True,True,True,True,True
complementary_k5_n7,resident,O-ADD-COLD,5,complementary_k5_n7/edit/04,DELIVERED,1555371,872848,0,10353,35804,34148,4241,5596,True,True,True,True,True,True
complementary_k5_n7,resident,O-ADD-COLD,6,complementary_k5_n7/edit/05,DELIVERED,1676897,941811,0,11154,38542,36346,4241,5635,True,True,True,True,True,True
complementary_k5_n7,resident,O-ADD-PORTFOLIO,1,complementary_k5_n7/edit/00,DELIVERED,3698328,1713104,430041,4813,31115,16540,9692,8237,False,False,True,True,True,True
complementary_k5_n7,resident,O-ADD-PORTFOLIO,2,complementary_k5_n7/edit/01,DELIVERED,973217,397138,0,4835,18055,16630,9692,8267,True,True,True,True,True,True
complementary_k5_n7,resident,O-ADD-PORTFOLIO,3,complementary_k5_n7/edit/02,DELIVERED,971378,395326,0,4841,18067,16648,9692,8273,True,True,True,True,True,True
complementary_k5_n7,resident,O-ADD-PORTFOLIO,4,complementary_k5_n7/edit/03,DELIVERED,1029257,415505,0,4934,18325,17035,9692,8402,True,True,True,True,True,True
complementary_k5_n7,resident,O-ADD-PORTFOLIO,5,complementary_k5_n7/edit/04,DELIVERED,1024951,412485,0,4938,18333,17047,9692,8406,True,True,True,True,True,True
complementary_k5_n7,resident,O-ADD-PORTFOLIO,6,complementary_k5_n7/edit/05,DELIVERED,1047069,420401,0,4965,18411,17164,9692,8445,True,True,True,True,True,True
complementary_k5_n7,resident,O-ADD-WARM,1,complementary_k5_n7/edit/00,DELIVERED,1812148,1204733,430041,9415,34173,31374,20092,17293,False,False,True,True,True,True
complementary_k5_n7,resident,O-ADD-WARM,2,complementary_k5_n7/edit/01,DELIVERED,719649,344708,0,3871,28257,25205,21250,18198,True,True,True,True,True,True
complementary_k5_n7,resident,O-ADD-WARM,3,complementary_k5_n7/edit/02,DELIVERED,851343,424621,0,4378,31136,27471,23550,19885,True,True,True,True,True,True
complementary_k5_n7,resident,O-ADD-WARM,4,complementary_k5_n7/edit/03,DELIVERED,968575,488341,0,4644,34279,30129,26236,22086,True,True,True,True,True,True
complementary_k5_n7,resident,O-ADD-WARM,5,complementary_k5_n7/edit/04,DELIVERED,930773,451960,0,4247,35578,30918,27990,23330,True,True,True,True,True,True
complementary_k5_n7,resident,O-ADD-WARM,6,complementary_k5_n7/edit/05,DELIVERED,1054878,521656,0,4770,39096,33533,30762,25199,True,True,True,True,True,True
complementary_k5_n7,resident,O-ENUM-RECEIVER,1,complementary_k5_n7/edit/00,DELIVERED,1287697,1232012,430041,0,4304,7763,4246,5427,False,False,True,True,True,True
complementary_k5_n7,resident,O-ENUM-RECEIVER,2,complementary_k5_n7/edit/01,DELIVERED,751621,695111,0,0,4304,7823,4246,5457,True,True,True,True,True,True
complementary_k5_n7,resident,O-ENUM-RECEIVER,3,complementary_k5_n7/edit/02,DELIVERED,692016,635498,0,0,4304,7835,4246,5463,True,True,True,True,True,True
complementary_k5_n7,resident,O-ENUM-RECEIVER,4,complementary_k5_n7/edit/03,DELIVERED,724297,665781,0,0,4304,8093,4246,5592,True,True,True,True,True,True
complementary_k5_n7,resident,O-ENUM-RECEIVER,5,complementary_k5_n7/edit/04,DELIVERED,844396,785858,0,0,4304,8101,4246,5596,True,True,True,True,True,True
complementary_k5_n7,resident,O-ENUM-RECEIVER,6,complementary_k5_n7/edit/05,DELIVERED,717638,658153,0,0,4304,8179,4246,5635,True,True,True,True,True,True
complementary_k5_n7,resident,P-FRESH,1,complementary_k5_n7/edit/00,DELIVERED,10222373,2132375,430041,3413,10719,11908,4236,5425,False,False,True,True,True,True
complementary_k5_n7,resident,P-FRESH,2,complementary_k5_n7/edit/01,DELIVERED,5777223,1011979,0,2743,9975,11194,4236,5455,True,True,True,True,True,True
complementary_k5_n7,resident,P-FRESH,3,complementary_k5_n7/edit/02,DELIVERED,4622204,644810,0,2617,9839,11064,4236,5461,True,True,True,True,True,True
complementary_k5_n7,resident,P-FRESH,4,complementary_k5_n7/edit/03,DELIVERED,4292220,674482,0,2584,9947,11301,4236,5590,True,True,True,True,True,True
complementary_k5_n7,resident,P-FRESH,5,complementary_k5_n7/edit/04,DELIVERED,8501925,1450252,0,3192,10655,12013,4236,5594,False,False,True,True,True,True
complementary_k5_n7,resident,P-FRESH,6,complementary_k5_n7/edit/05,DELIVERED,4117257,678914,0,2573,9983,11380,4236,5633,True,True,True,True,True,True
complementary_k5_n7,resident,P-REUSE,1,complementary_k5_n7/edit/00,DELIVERED,4857896,1902386,430041,4813,23635,16492,9636,8189,False,False,True,True,True,True
complementary_k5_n7,resident,P-REUSE,2,complementary_k5_n7/edit/01,DELIVERED,973113,397090,0,4835,17999,16582,9636,8219,True,True,True,True,True,True
complementary_k5_n7,resident,P-REUSE,3,complementary_k5_n7/edit/02,DELIVERED,971274,395278,0,4841,18011,16600,9636,8225,True,True,True,True,True,True
complementary_k5_n7,resident,P-REUSE,4,complementary_k5_n7/edit/03,DELIVERED,1029153,415457,0,4934,18269,16987,9636,8354,True,True,True,True,True,True
complementary_k5_n7,resident,P-REUSE,5,complementary_k5_n7/edit/04,DELIVERED,1024847,412437,0,4938,18277,16999,9636,8358,True,True,True,True,True,True
complementary_k5_n7,resident,P-REUSE,6,complementary_k5_n7/edit/05,DELIVERED,1046965,420353,0,4965,18355,17116,9636,8397,True,True,True,True,True,True
constant_n3,fresh,O-ADD-COLD,1,constant_n3/edit/00,DELIVERED,644098,570731,430041,2605,7629,12150,1487,4316,True,True,True,True,True,True
constant_n3,fresh,O-ADD-COLD,2,constant_n3/edit/01,DELIVERED,284073,177445,0,2922,8639,13250,1487,4447,True,True,True,True,True,True
constant_n3,fresh,O-ADD-COLD,3,constant_n3/edit/02,DELIVERED,291607,182014,0,2962,8783,13338,1487,4433,True,True,True,True,True,True
constant_n3,fresh,O-ADD-COLD,4,constant_n3/edit/03,DELIVERED,316351,194941,0,3070,9130,13685,1487,4467,True,True,True,True,True,True
constant_n3,fresh,O-ADD-COLD,5,constant_n3/edit/04,DELIVERED,345634,211884,0,3217,9634,14079,1487,4462,True,True,True,True,True,True
constant_n3,fresh,O-ADD-COLD,6,constant_n3/edit/05,DELIVERED,341893,209260,0,3206,9577,14057,1487,4480,True,True,True,True,True,True
constant_n3,fresh,O-ADD-PORTFOLIO,1,constant_n3/edit/00,DELIVERED,557902,503009,430041,1027,3940,6764,1490,4316,True,True,True,True,True,True
constant_n3,fresh,O-ADD-PORTFOLIO,2,constant_n3/edit/01,DELIVERED,157972,88464,0,1122,4202,7157,1490,4447,True,True,True,True,True,True
constant_n3,fresh,O-ADD-PORTFOLIO,3,constant_n3/edit/02,DELIVERED,153815,86383,0,1112,4174,7115,1490,4433,True,True,True,True,True,True
constant_n3,fresh,O-ADD-PORTFOLIO,4,constant_n3/edit/03,DELIVERED,162261,90664,0,1138,4242,7217,1490,4467,True,True,True,True,True,True
constant_n3,fresh,O-ADD-PORTFOLIO,5,constant_n3/edit/04,DELIVERED,168218,93608,0,1133,4232,7202,1490,4462,True,True,True,True,True,True
constant_n3,fresh,O-ADD-PORTFOLIO,6,constant_n3/edit/05,DELIVERED,170769,94871,0,1147,4268,7256,1490,4480,True,True,True,True,True,True
constant_n3,fresh,O-ADD-WARM,1,constant_n3/edit/00,DELIVERED,644103,570731,430041,2605,7629,12150,3367,4316,True,True,True,True,True,True
constant_n3,fresh,O-ADD-WARM,2,constant_n3/edit/01,DELIVERED,287207,181073,0,2963,8768,13338,3929,4447,True,True,True,True,True,True
constant_n3,fresh,O-ADD-WARM,3,constant_n3/edit/02,DELIVERED,309876,200087,0,3139,9355,13747,4330,4433,True,True,True,True,True,True
constant_n3,fresh,O-ADD-WARM,4,constant_n3/edit/03,DELIVERED,371399,237661,0,3486,10494,14695,5020,4467,True,True,True,True,True,True
constant_n3,fresh,O-ADD-WARM,5,constant_n3/edit/04,DELIVERED,433848,279915,0,3879,11804,15672,5878,4462,True,True,True,True,True,True
constant_n3,fresh,O-ADD-WARM,6,constant_n3/edit/05,DELIVERED,462441,305091,0,4121,12595,16309,6365,4480,True,True,True,True,True,True
constant_n3,fresh,O-ENUM-RECEIVER,1,constant_n3/edit/00,DELIVERED,488834,480070,430041,0,1550,5557,1492,4316,True,True,True,True,True,True
constant_n3,fresh,O-ENUM-RECEIVER,2,constant_n3/edit/01,DELIVERED,69524,58801,0,0,1550,5819,1492,4447,True,True,True,True,True,True
constant_n3,fresh,O-ENUM-RECEIVER,3,constant_n3/edit/02,DELIVERED,67780,57416,0,0,1550,5791,1492,4433,True,True,True,True,True,True
constant_n3,fresh,O-ENUM-RECEIVER,4,constant_n3/edit/03,DELIVERED,71503,60413,0,0,1550,5859,1492,4467,True,True,True,True,True,True
constant_n3,fresh,O-ENUM-RECEIVER,5,constant_n3/edit/04,DELIVERED,71676,60440,0,0,1550,5849,1492,4462,True,True,True,True,True,True
constant_n3,fresh,O-ENUM-RECEIVER,6,constant_n3/edit/05,DELIVERED,73340,61739,0,0,1550,5885,1492,4480,True,True,True,True,True,True
constant_n3,fresh,P-FRESH,1,constant_n3/edit/00,DELIVERED,557782,503009,430041,1027,3932,6764,1482,4316,True,True,True,True,True,True
constant_n3,fresh,P-FRESH,2,constant_n3/edit/01,DELIVERED,157916,88464,0,1122,4194,7157,1482,4447,True,True,True,True,True,True
constant_n3,fresh,P-FRESH,3,constant_n3/edit/02,DELIVERED,153759,86383,0,1112,4166,7115,1482,4433,True,True,True,True,True,True
constant_n3,fresh,P-FRESH,4,constant_n3/edit/03,DELIVERED,162205,90664,0,1138,4234,7217,1482,4467,True,True,True,True,True,True
constant_n3,fresh,P-FRESH,5,constant_n3/edit/04,DELIVERED,168162,93608,0,1133,4224,7202,1482,4462,True,True,True,True,True,True
constant_n3,fresh,P-FRESH,6,constant_n3/edit/05,DELIVERED,170713,94871,0,1147,4260,7256,1482,4480,True,True,True,True,True,True
constant_n3,fresh,P-REUSE,1,constant_n3/edit/00,DELIVERED,557885,503009,430041,1027,3932,6764,1482,4316,True,True,True,True,True,True
constant_n3,fresh,P-REUSE,2,constant_n3/edit/01,DELIVERED,157961,88464,0,1122,4194,7157,1482,4447,True,True,True,True,True,True
constant_n3,fresh,P-REUSE,3,constant_n3/edit/02,DELIVERED,153804,86383,0,1112,4166,7115,1482,4433,True,True,True,True,True,True
constant_n3,fresh,P-REUSE,4,constant_n3/edit/03,DELIVERED,162250,90664,0,1138,4234,7217,1482,4467,True,True,True,True,True,True
constant_n3,fresh,P-REUSE,5,constant_n3/edit/04,DELIVERED,168207,93608,0,1133,4224,7202,1482,4462,True,True,True,True,True,True
constant_n3,fresh,P-REUSE,6,constant_n3/edit/05,DELIVERED,170758,94871,0,1147,4260,7256,1482,4480,True,True,True,True,True,True
constant_n3,resident,O-ADD-COLD,1,constant_n3/edit/00,DELIVERED,644202,570731,430041,2605,7629,12150,1487,4316,True,True,True,True,True,True
constant_n3,resident,O-ADD-COLD,2,constant_n3/edit/01,DELIVERED,284075,177445,0,2922,8639,13250,1487,4447,True,True,True,True,True,True
constant_n3,resident,O-ADD-COLD,3,constant_n3/edit/02,DELIVERED,291643,182014,0,2962,8783,13338,1487,4433,True,True,True,True,True,True
constant_n3,resident,O-ADD-COLD,4,constant_n3/edit/03,DELIVERED,316387,194941,0,3070,9130,13685,1487,4467,True,True,True,True,True,True
constant_n3,resident,O-ADD-COLD,5,constant_n3/edit/04,DELIVERED,345670,211884,0,3217,9634,14079,1487,4462,True,True,True,True,True,True
constant_n3,resident,O-ADD-COLD,6,constant_n3/edit/05,DELIVERED,341895,209260,0,3206,9577,14057,1487,4480,True,True,True,True,True,True
constant_n3,resident,O-ADD-PORTFOLIO,1,constant_n3/edit/00,DELIVERED,557910,503009,430041,1027,3940,6764,1490,4314,True,True,True,True,True,True
constant_n3,resident,O-ADD-PORTFOLIO,2,constant_n3/edit/01,DELIVERED,157917,88460,0,1122,4202,7157,1490,4445,True,True,True,True,True,True
constant_n3,resident,O-ADD-PORTFOLIO,3,constant_n3/edit/02,DELIVERED,153760,86379,0,1112,4174,7115,1490,4431,True,True,True,True,True,True
constant_n3,resident,O-ADD-PORTFOLIO,4,constant_n3/edit/03,DELIVERED,162206,90660,0,1138,4242,7217,1490,4465,True,True,True,True,True,True
constant_n3,resident,O-ADD-PORTFOLIO,5,constant_n3/edit/04,DELIVERED,168163,93604,0,1133,4232,7202,1490,4460,True,True,True,True,True,True
constant_n3,resident,O-ADD-PORTFOLIO,6,constant_n3/edit/05,DELIVERED,170714,94867,0,1147,4268,7256,1490,4478,True,True,True,True,True,True
constant_n3,resident,O-ADD-WARM,1,constant_n3/edit/00,DELIVERED,646472,570731,430041,2605,9036,12150,4774,7888,True,True,True,True,True,True
constant_n3,resident,O-ADD-WARM,2,constant_n3/edit/01,DELIVERED,254950,148931,0,2856,10045,13301,5337,8593,True,True,True,True,True,True
constant_n3,resident,O-ADD-WARM,3,constant_n3/edit/02,DELIVERED,249549,145477,0,2771,10320,13491,5739,8910,True,True,True,True,True,True
constant_n3,resident,O-ADD-WARM,4,constant_n3/edit/03,DELIVERED,296501,171118,0,2932,11245,14319,6429,9503,True,True,True,True,True,True
constant_n3,resident,O-ADD-WARM,5,constant_n3/edit/04,DELIVERED,330666,191482,0,3006,12176,15011,7287,10122,True,True,True,True,True,True
constant_n3,resident,O-ADD-WARM,6,constant_n3/edit/05,DELIVERED,314210,177747,0,2850,12505,15280,7774,10549,True,True,True,True,True,True
constant_n3,resident,O-ENUM-RECEIVER,1,constant_n3/edit/00,DELIVERED,488836,480070,430041,0,1550,5557,1492,4316,True,True,True,True,True,True
constant_n3,resident,O-ENUM-RECEIVER,2,constant_n3/edit/01,DELIVERED,69526,58801,0,0,1550,5819,1492,4447,True,True,True,True,True,True
constant_n3,resident,O-ENUM-RECEIVER,3,constant_n3/edit/02,DELIVERED,67782,57416,0,0,1550,5791,1492,4433,True,True,True,True,True,True
constant_n3,resident,O-ENUM-RECEIVER,4,constant_n3/edit/03,DELIVERED,71505,60413,0,0,1550,5859,1492,4467,True,True,True,True,True,True
constant_n3,resident,O-ENUM-RECEIVER,5,constant_n3/edit/04,DELIVERED,71678,60440,0,0,1550,5849,1492,4462,True,True,True,True,True,True
constant_n3,resident,O-ENUM-RECEIVER,6,constant_n3/edit/05,DELIVERED,73342,61739,0,0,1550,5885,1492,4480,True,True,True,True,True,True
constant_n3,resident,P-FRESH,1,constant_n3/edit/00,DELIVERED,557790,503009,430041,1027,3932,6764,1482,4314,True,True,True,True,True,True
constant_n3,resident,P-FRESH,2,constant_n3/edit/01,DELIVERED,157909,88460,0,1122,4194,7157,1482,4445,True,True,True,True,True,True
constant_n3,resident,P-FRESH,3,constant_n3/edit/02,DELIVERED,153752,86379,0,1112,4166,7115,1482,4431,True,True,True,True,True,True
constant_n3,resident,P-FRESH,4,constant_n3/edit/03,DELIVERED,162198,90660,0,1138,4234,7217,1482,4465,True,True,True,True,True,True
constant_n3,resident,P-FRESH,5,constant_n3/edit/04,DELIVERED,168155,93604,0,1133,4224,7202,1482,4460,True,True,True,True,True,True
constant_n3,resident,P-FRESH,6,constant_n3/edit/05,DELIVERED,170706,94867,0,1147,4260,7256,1482,4478,True,True,True,True,True,True
constant_n3,resident,P-REUSE,1,constant_n3/edit/00,DELIVERED,557893,503009,430041,1027,3932,6764,1482,4314,True,True,True,True,True,True
constant_n3,resident,P-REUSE,2,constant_n3/edit/01,DELIVERED,157909,88460,0,1122,4194,7157,1482,4445,True,True,True,True,True,True
constant_n3,resident,P-REUSE,3,constant_n3/edit/02,DELIVERED,153752,86379,0,1112,4166,7115,1482,4431,True,True,True,True,True,True
constant_n3,resident,P-REUSE,4,constant_n3/edit/03,DELIVERED,162198,90660,0,1138,4234,7217,1482,4465,True,True,True,True,True,True
constant_n3,resident,P-REUSE,5,constant_n3/edit/04,DELIVERED,168155,93604,0,1133,4224,7202,1482,4460,True,True,True,True,True,True
constant_n3,resident,P-REUSE,6,constant_n3/edit/05,DELIVERED,170706,94867,0,1147,4260,7256,1482,4478,True,True,True,True,True,True
parity_reassociation_n6,fresh,O-ADD-COLD,1,parity_reassociation_n6/edit/00,DELIVERED,1632866,1120023,430041,8520,28563,28282,2865,4973,False,False,True,True,True,True
parity_reassociation_n6,fresh,O-ADD-COLD,2,parity_reassociation_n6/edit/01,DELIVERED,1216211,696743,0,8569,28715,28464,2865,5002,True,True,True,True,True,True
parity_reassociation_n6,fresh,O-ADD-COLD,3,parity_reassociation_n6/edit/02,DELIVERED,1233079,706135,0,8670,29048,28734,2865,5006,True,True,True,True,True,True
parity_reassociation_n6,fresh,O-ADD-COLD,4,parity_reassociation_n6/edit/03,DELIVERED,1220926,699046,0,8581,28752,28550,2865,5021,True,True,True,True,True,True
parity_reassociation_n6,fresh,O-ADD-COLD,5,parity_reassociation_n6/edit/04,DELIVERED,1261353,721737,0,8786,29435,29105,2865,5035,True,True,True,True,True,True
parity_reassociation_n6,fresh,O-ADD-COLD,6,parity_reassociation_n6/edit/05,DELIVERED,1287920,735291,0,8928,29864,29644,2865,5123,True,True,True,True,True,True
parity_reassociation_n6,fresh,O-ADD-PORTFOLIO,1,parity_reassociation_n6/edit/00,DELIVERED,2607334,1328677,430041,2942,21405,11858,15919,4973,False,False,True,True,True,True
parity_reassociation_n6,fresh,O-ADD-PORTFOLIO,2,parity_reassociation_n6/edit/01,DELIVERED,1092293,906106,0,2963,21463,11945,15919,5002,True,True,True,True,True,True
parity_reassociation_n6,fresh,O-ADD-PORTFOLIO,3,parity_reassociation_n6/edit/02,DELIVERED,1092249,906118,0,2967,21471,11957,15919,5006,True,True,True,True,True,True
parity_reassociation_n6,fresh,O-ADD-PORTFOLIO,4,parity_reassociation_n6/edit/03,DELIVERED,1102783,911389,0,2976,21497,11998,15919,5021,True,True,True,True,True,True
parity_reassociation_n6,fresh,O-ADD-PORTFOLIO,5,parity_reassociation_n6/edit/04,DELIVERED,1105090,912513,0,2988,21529,12044,15919,5035,True,True,True,True,True,True
parity_reassociation_n6,fresh,O-ADD-PORTFOLIO,6,parity_reassociation_n6/edit/05,DELIVERED,1113438,917080,0,3052,21705,12308,15919,5123,True,True,True,True,True,True
parity_reassociation_n6,fresh,O-ADD-WARM,1,parity_reassociation_n6/edit/00,DELIVERED,1632871,1120023,430041,8520,28563,28282,16193,4973,False,False,True,True,True,True
parity_reassociation_n6,fresh,O-ADD-WARM,2,parity_reassociation_n6/edit/01,DELIVERED,1085382,703601,0,8638,28932,28612,16387,5002,True,True,True,True,True,True
parity_reassociation_n6,fresh,O-ADD-WARM,3,parity_reassociation_n6/edit/02,DELIVERED,1127138,728521,0,8883,29731,29215,16897,5006,True,True,True,True,True,True
parity_reassociation_n6,fresh,O-ADD-WARM,4,parity_reassociation_n6/edit/03,DELIVERED,1150936,746406,0,9049,30274,29653,17235,5021,True,True,True,True,True,True
parity_reassociation_n6,fresh,O-ADD-WARM,5,parity_reassociation_n6/edit/04,DELIVERED,1212331,784458,0,9427,31518,30623,18017,5035,True,True,True,True,True,True
parity_reassociation_n6,fresh,O-ADD-WARM,6,parity_reassociation_n6/edit/05,DELIVERED,1268095,821447,0,9784,32654,31681,18638,5123,True,True,True,True,True,True
parity_reassociation_n6,fresh,O-ENUM-RECEIVER,1,parity_reassociation_n6/edit/00,DELIVERED,818417,785739,430041,0,2928,6847,2870,4973,True,True,True,True,True,True
parity_reassociation_n6,fresh,O-ENUM-RECEIVER,2,parity_reassociation_n6/edit/01,DELIVERED,280417,246914,0,0,2928,6905,2870,5002,True,True,True,True,True,True
parity_reassociation_n6,fresh,O-ENUM-RECEIVER,3,parity_reassociation_n6/edit/02,DELIVERED,220561,187058,0,0,2928,6913,2870,5006,True,True,True,True,True,True
parity_reassociation_n6,fresh,O-ENUM-RECEIVER,4,parity_reassociation_n6/edit/03,DELIVERED,286224,252200,0,0,2928,6941,2870,5021,True,True,True,True,True,True
parity_reassociation_n6,fresh,O-ENUM-RECEIVER,5,parity_reassociation_n6/edit/04,DELIVERED,269377,234996,0,0,2928,6971,2870,5035,True,True,True,True,True,True
parity_reassociation_n6,fresh,O-ENUM-RECEIVER,6,parity_reassociation_n6/edit/05,DELIVERED,302687,267691,0,0,2928,7147,2870,5123,True,True,True,True,True,True
parity_reassociation_n6,fresh,P-FRESH,1,parity_reassociation_n6/edit/00,DELIVERED,7586231,2147982,430041,3126,8454,10565,2860,4973,False,False,True,True,True,True
parity_reassociation_n6,fresh,P-FRESH,2,parity_reassociation_n6/edit/01,DELIVERED,3990867,988443,0,2338,7579,9719,2860,5002,True,True,True,True,True,True
parity_reassociation_n6,fresh,P-FRESH,3,parity_reassociation_n6/edit/02,DELIVERED,2174065,561063,0,1947,7132,9276,2860,5006,True,True,True,True,True,True
parity_reassociation_n6,fresh,P-FRESH,4,parity_reassociation_n6/edit/03,DELIVERED,4338913,1045873,0,2374,7640,9799,2860,5021,True,True,True,True,True,True
parity_reassociation_n6,fresh,P-FRESH,5,parity_reassociation_n6/edit/04,DELIVERED,4236705,838499,0,2476,7786,9959,2860,5035,True,True,True,True,True,True
parity_reassociation_n6,fresh,P-FRESH,6,parity_reassociation_n6/edit/05,DELIVERED,4180120,1020745,0,2427,7821,10082,2860,5123,True,True,True,True,True,True
parity_reassociation_n6,fresh,P-REUSE,1,parity_reassociation_n6/edit/00,DELIVERED,3600538,1453748,430041,2942,14876,11834,9390,4973,False,False,True,True,True,True
parity_reassociation_n6,fresh,P-REUSE,2,parity_reassociation_n6/edit/01,DELIVERED,1210788,1031177,0,2963,14934,11921,9390,5002,True,True,True,True,True,True
parity_reassociation_n6,fresh,P-REUSE,3,parity_reassociation_n6/edit/02,DELIVERED,1210744,1031189,0,2967,14942,11933,9390,5006,True,True,True,True,True,True
parity_reassociation_n6,fresh,P-REUSE,4,parity_reassociation_n6/edit/03,DELIVERED,1221278,1036460,0,2976,14968,11974,9390,5021,True,True,True,True,True,True
parity_reassociation_n6,fresh,P-REUSE,5,parity_reassociation_n6/edit/04,DELIVERED,1223585,1037584,0,2988,15000,12020,9390,5035,True,True,True,True,True,True
parity_reassociation_n6,fresh,P-REUSE,6,parity_reassociation_n6/edit/05,DELIVERED,1231933,1042151,0,3052,15176,12284,9390,5123,True,True,True,True,True,True
parity_reassociation_n6,resident,O-ADD-COLD,1,parity_reassociation_n6/edit/00,DELIVERED,1632868,1120023,430041,8520,28563,28282,2865,4973,False,False,True,True,True,True
parity_reassociation_n6,resident,O-ADD-COLD,2,parity_reassociation_n6/edit/01,DELIVERED,1216213,696743,0,8569,28715,28464,2865,5002,True,True,True,True,True,True
parity_reassociation_n6,resident,O-ADD-COLD,3,parity_reassociation_n6/edit/02,DELIVERED,1233081,706135,0,8670,29048,28734,2865,5006,True,True,True,True,True,True
parity_reassociation_n6,resident,O-ADD-COLD,4,parity_reassociation_n6/edit/03,DELIVERED,1220928,699046,0,8581,28752,28550,2865,5021,True,True,True,True,True,True
parity_reassociation_n6,resident,O-ADD-COLD,5,parity_reassociation_n6/edit/04,DELIVERED,1261355,721737,0,8786,29435,29105,2865,5035,True,True,True,True,True,True
parity_reassociation_n6,resident,O-ADD-COLD,6,parity_reassociation_n6/edit/05,DELIVERED,1287922,735291,0,8928,29864,29644,2865,5123,True,True,True,True,True,True
parity_reassociation_n6,resident,O-ADD-PORTFOLIO,1,parity_reassociation_n6/edit/00,DELIVERED,2607342,1328677,430041,2942,21405,11858,5582,6372,False,False,True,True,True,True
parity_reassociation_n6,resident,O-ADD-PORTFOLIO,2,parity_reassociation_n6/edit/01,DELIVERED,381446,205898,0,2963,11126,11945,5582,6401,True,True,True,True,True,True
parity_reassociation_n6,resident,O-ADD-PORTFOLIO,3,parity_reassociation_n6/edit/02,DELIVERED,381402,205910,0,2967,11134,11957,5582,6405,True,True,True,True,True,True
parity_reassociation_n6,resident,O-ADD-PORTFOLIO,4,parity_reassociation_n6/edit/03,DELIVERED,391936,211181,0,2976,11160,11998,5582,6420,True,True,True,True,True,True
parity_reassociation_n6,resident,O-ADD-PORTFOLIO,5,parity_reassociation_n6/edit/04,DELIVERED,394243,212305,0,2988,11192,12044,5582,6434,True,True,True,True,True,True
parity_reassociation_n6,resident,O-ADD-PORTFOLIO,6,parity_reassociation_n6/edit/05,DELIVERED,402591,216872,0,3052,11368,12308,5582,6522,True,True,True,True,True,True
parity_reassociation_n6,resident,O-ADD-WARM,1,parity_reassociation_n6/edit/00,DELIVERED,1635376,1120023,430041,8520,29992,28282,17622,15912,False,False,True,True,True,True
parity_reassociation_n6,resident,O-ADD-WARM,2,parity_reassociation_n6/edit/01,DELIVERED,499740,234264,0,3100,23399,21760,17816,16177,True,True,True,True,True,True
parity_reassociation_n6,resident,O-ADD-WARM,3,parity_reassociation_n6/edit/02,DELIVERED,535254,254995,0,3247,24080,22351,18326,16597,True,True,True,True,True,True
parity_reassociation_n6,resident,O-ADD-WARM,4,parity_reassociation_n6/edit/03,DELIVERED,534155,251962,0,3175,24345,22618,18664,16937,True,True,True,True,True,True
parity_reassociation_n6,resident,O-ADD-WARM,5,parity_reassociation_n6/edit/04,DELIVERED,589695,286266,0,3394,25408,23513,19446,17551,True,True,True,True,True,True
parity_reassociation_n6,resident,O-ADD-WARM,6,parity_reassociation_n6/edit/05,DELIVERED,610989,295174,0,3386,26115,24248,20067,18200,True,True,True,True,True,True
parity_reassociation_n6,resident,O-ENUM-RECEIVER,1,parity_reassociation_n6/edit/00,DELIVERED,818419,785739,430041,0,2928,6847,2870,4973,True,True,True,True,True,True
parity_reassociation_n6,resident,O-ENUM-RECEIVER,2,parity_reassociation_n6/edit/01,DELIVERED,280419,246914,0,0,2928,6905,2870,5002,True,True,True,True,True,True
parity_reassociation_n6,resident,O-ENUM-RECEIVER,3,parity_reassociation_n6/edit/02,DELIVERED,220563,187058,0,0,2928,6913,2870,5006,True,True,True,True,True,True
parity_reassociation_n6,resident,O-ENUM-RECEIVER,4,parity_reassociation_n6/edit/03,DELIVERED,286226,252200,0,0,2928,6941,2870,5021,True,True,True,True,True,True
parity_reassociation_n6,resident,O-ENUM-RECEIVER,5,parity_reassociation_n6/edit/04,DELIVERED,269379,234996,0,0,2928,6971,2870,5035,True,True,True,True,True,True
parity_reassociation_n6,resident,O-ENUM-RECEIVER,6,parity_reassociation_n6/edit/05,DELIVERED,302689,267691,0,0,2928,7147,2870,5123,True,True,True,True,True,True
parity_reassociation_n6,resident,P-FRESH,1,parity_reassociation_n6/edit/00,DELIVERED,7586239,2147982,430041,3126,8454,10565,2860,4971,False,False,True,True,True,True
parity_reassociation_n6,resident,P-FRESH,2,parity_reassociation_n6/edit/01,DELIVERED,3990860,988439,0,2338,7579,9719,2860,5000,True,True,True,True,True,True
parity_reassociation_n6,resident,P-FRESH,3,parity_reassociation_n6/edit/02,DELIVERED,2174058,561059,0,1947,7132,9276,2860,5004,True,True,True,True,True,True
parity_reassociation_n6,resident,P-FRESH,4,parity_reassociation_n6/edit/03,DELIVERED,4338906,1045869,0,2374,7640,9799,2860,5019,True,True,True,True,True,True
parity_reassociation_n6,resident,P-FRESH,5,parity_reassociation_n6/edit/04,DELIVERED,4236698,838495,0,2476,7786,9959,2860,5033,True,True,True,True,True,True
parity_reassociation_n6,resident,P-FRESH,6,parity_reassociation_n6/edit/05,DELIVERED,4180113,1020741,0,2427,7821,10082,2860,5121,True,True,True,True,True,True
parity_reassociation_n6,resident,P-REUSE,1,parity_reassociation_n6/edit/00,DELIVERED,3600546,1453748,430041,2942,14876,11834,5550,6348,False,False,True,True,True,True
parity_reassociation_n6,resident,P-REUSE,2,parity_reassociation_n6/edit/01,DELIVERED,381390,205874,0,2963,11094,11921,5550,6377,True,True,True,True,True,True
parity_reassociation_n6,resident,P-REUSE,3,parity_reassociation_n6/edit/02,DELIVERED,381346,205886,0,2967,11102,11933,5550,6381,True,True,True,True,True,True
parity_reassociation_n6,resident,P-REUSE,4,parity_reassociation_n6/edit/03,DELIVERED,391880,211157,0,2976,11128,11974,5550,6396,True,True,True,True,True,True
parity_reassociation_n6,resident,P-REUSE,5,parity_reassociation_n6/edit/04,DELIVERED,394187,212281,0,2988,11160,12020,5550,6410,True,True,True,True,True,True
parity_reassociation_n6,resident,P-REUSE,6,parity_reassociation_n6/edit/05,DELIVERED,402535,216848,0,3052,11336,12284,5550,6498,True,True,True,True,True,True
