task_id,attempt_id,session_id,mode,lane,start_utc,end_utc,elapsed_seconds,engaged_seconds,tool_wait_seconds,idle_seconds,unmeasured_seconds,forecast_seconds,artifact,status
F07,F07-A1,2026-09-28-S3-public,O,,2026-09-28T15:42:56.791957+00:00,2026-09-28T15:50:41.529253+00:00,464.737294683,,0,,464.737294683,,v2/work_logs/F07_2026-09-28_S3_public.md,partial; ledger fragment not yet merged
F07,F07-A1,2026-09-28-S3-public,D,R,2026-09-28T15:50:43.092952+00:00,2026-09-28T15:52:47.356369+00:00,124.263418691,124.263418691,0,,0,,v2/work_logs/F07_2026-09-28_S3_public.md,partial; ledger fragment not yet merged
F07,F07-A1,2026-09-28-S3-public,O,,2026-09-28T15:52:49.206547+00:00,2026-09-28T15:56:40.734456+00:00,231.527809365,,0,,231.527809365,,v2/work_logs/F07_2026-09-28_S3_public.md,partial; ledger fragment not yet merged
F07,F07-A1,2026-09-28-S3-public,E,R,2026-09-28T15:56:42.355815+00:00,2026-09-28T15:57:11.055859+00:00,28.700034899,24.187423014,4.512611885,,0,,v2/work_logs/F07_2026-09-28_S3_public.md,partial; ledger fragment not yet merged
F07,F07-A1,2026-09-28-S3-public,O,,2026-09-28T15:57:12.905192+00:00,2026-09-28T15:58:28.417752+00:00,75.512560669,,0,,75.512560669,,v2/work_logs/F07_2026-09-28_S3_public.md,partial; ledger fragment not yet merged
F07,F07-A1,2026-09-28-S3-public,D,R,2026-09-28T15:58:30.287630+00:00,2026-09-28T16:00:52.509974+00:00,142.222348002,142.222348002,0,,0,,v2/work_logs/F07_2026-09-28_S3_public.md,partial; ledger fragment not yet merged
F07,F07-A1,2026-09-28-S3-public,O,,2026-09-28T16:00:54.433275+00:00,2026-09-28T16:03:09.761043+00:00,135.327765274,,0,,135.327765274,,v2/work_logs/F07_2026-09-28_S3_public.md,partial; ledger fragment not yet merged
F07,F07-A1,2026-09-28-S3-public,E,R,2026-09-28T16:03:11.464482+00:00,2026-09-28T16:06:45.124106+00:00,213.659537416,202.280312173,11.379225243,,0,,v2/work_logs/F07_2026-09-28_S3_public.md,partial; ledger fragment not yet merged
F07,F07-A1,2026-09-28-S3-public,D,X,2026-09-28T16:06:46.907097+00:00,2026-09-28T16:13:39.026476+00:00,412.119384873,412.119384873,0,,0,,v2/work_logs/F07_2026-09-28_S3_public.md,partial; ledger fragment not yet merged
F07,F07-A1,2026-09-28-S3-public,O,,2026-09-28T16:13:40.975782+00:00,2026-09-28T16:16:30.817591+00:00,169.841796853,,0,,169.841796853,,v2/work_logs/F07_2026-09-28_S3_public.md,partial; ledger fragment not yet merged
F07,F07-A1,2026-09-28-S3-public,E,R,2026-09-28T16:16:32.590054+00:00,2026-09-28T16:18:30.901692+00:00,118.311666479,110.470732964,7.840933515,,0,,v2/work_logs/F07_2026-09-28_S3_public.md,partial; ledger fragment not yet merged
F07,F07-A1,2026-09-28-S3-public,O,,2026-09-28T16:18:32.721218+00:00,2026-09-28T16:24:48.487709+00:00,375.766492558,,0,,375.766492558,,v2/work_logs/F07_2026-09-28_S3_public.md,partial; ledger fragment not yet merged
F07,F07-A1,2026-09-28-S3-public,D,R,2026-09-28T16:24:50.123243+00:00,2026-09-28T16:29:04.369270+00:00,254.246035562,254.246035562,0,,0,,v2/work_logs/F07_2026-09-28_S3_public.md,partial; ledger fragment not yet merged
F07,F07-A1,2026-09-28-S3-public,O,,2026-09-28T16:29:06.049175+00:00,2026-09-28T16:33:33.902854+00:00,267.8536779,,0,,267.8536779,,v2/work_logs/F07_2026-09-28_S3_public.md,partial; ledger fragment not yet merged
F07,F07-A1,2026-09-28-S3-public,D,R,2026-09-28T16:33:35.464429+00:00,2026-09-28T16:35:01.159569+00:00,85.695092675,85.695092675,0,,0,,v2/work_logs/F07_2026-09-28_S3_public.md,partial; ledger fragment not yet merged
F07,F07-A1,2026-09-28-S3-public,O,,2026-09-28T16:35:03.045698+00:00,2026-09-28T16:37:26.180194+00:00,143.134507872,,0,,143.134507872,,v2/work_logs/F07_2026-09-28_S3_public.md,partial; ledger fragment not yet merged
F07,F07-A1,2026-09-28-S3-public,O,,2026-09-28T16:37:27.933155+00:00,2026-09-28T16:40:53.832957+00:00,205.899795522,,0,,205.899795522,,v2/work_logs/F07_2026-09-28_S3_public.md,partial; ledger fragment not yet merged
F07,F07-A1,2026-09-28-S3-public,O,,2026-09-28T16:40:55.410497+00:00,2026-09-28T16:48:12.978176+00:00,437.567693436,,29.375348967,,408.192344469,,v2/work_logs/F07_2026-09-28_S3_public.md,partial; ledger fragment not yet merged
