stream,recipient,comparator,prefix_requests,complete_service_comparable,portfolio_cumulative_units,comparator_cumulative_units,comparator_minus_portfolio_units
complementary_k3_n5,fresh,O-ADD-COLD,1,True,2321320,1380594,-940726
complementary_k3_n5,fresh,O-ADD-COLD,2,True,3540842,2361576,-1179266
complementary_k3_n5,fresh,O-ADD-COLD,3,True,4759659,3382584,-1377075
complementary_k3_n5,fresh,O-ADD-COLD,4,True,6035221,4491092,-1544129
complementary_k3_n5,fresh,O-ADD-COLD,5,True,7308157,5565248,-1742909
complementary_k3_n5,fresh,O-ADD-COLD,6,True,8602665,6728930,-1873735
complementary_k3_n5,fresh,O-ADD-PORTFOLIO,1,True,2321320,2803446,482126
complementary_k3_n5,fresh,O-ADD-PORTFOLIO,2,True,3540842,4217586,676744
complementary_k3_n5,fresh,O-ADD-PORTFOLIO,3,True,4759659,5631021,871362
complementary_k3_n5,fresh,O-ADD-PORTFOLIO,4,True,6035221,7101201,1065980
complementary_k3_n5,fresh,O-ADD-PORTFOLIO,5,True,7308157,8568755,1260598
complementary_k3_n5,fresh,O-ADD-PORTFOLIO,6,True,8602665,10057881,1455216
complementary_k3_n5,fresh,O-ADD-WARM,1,True,2321320,1380599,-940721
complementary_k3_n5,fresh,O-ADD-WARM,2,True,3540842,2300193,-1240649
complementary_k3_n5,fresh,O-ADD-WARM,3,True,4759659,3313498,-1446161
complementary_k3_n5,fresh,O-ADD-WARM,4,True,6035221,4495443,-1539778
complementary_k3_n5,fresh,O-ADD-WARM,5,True,7308157,5764027,-1544130
complementary_k3_n5,fresh,O-ADD-WARM,6,True,8602665,7164128,-1438537
complementary_k3_n5,fresh,O-ADD-WARM-PRUNED,1,True,2321320,1655380,-665940
complementary_k3_n5,fresh,O-ADD-WARM-PRUNED,2,True,3540842,2881408,-659434
complementary_k3_n5,fresh,O-ADD-WARM-PRUNED,3,True,4759659,4191327,-568332
complementary_k3_n5,fresh,O-ADD-WARM-PRUNED,4,True,6035221,5660719,-374502
complementary_k3_n5,fresh,O-ADD-WARM-PRUNED,5,True,7308157,7133211,-174946
complementary_k3_n5,fresh,O-ADD-WARM-PRUNED,6,True,8602665,8746864,144199
complementary_k3_n5,fresh,O-ENUM-RECEIVER,1,True,2321320,736305,-1585015
complementary_k3_n5,fresh,O-ENUM-RECEIVER,2,True,3540842,974710,-2566132
complementary_k3_n5,fresh,O-ENUM-RECEIVER,3,True,4759659,1202816,-3556843
complementary_k3_n5,fresh,O-ENUM-RECEIVER,4,True,6035221,1447411,-4587810
complementary_k3_n5,fresh,O-ENUM-RECEIVER,5,True,7308157,1712133,-5596024
complementary_k3_n5,fresh,O-ENUM-RECEIVER,6,True,8602665,1958049,-6644616
complementary_k5_n7,fresh,O-ADD-COLD,1,True,4912984,1859208,-3053776
complementary_k5_n7,fresh,O-ADD-COLD,2,True,6978138,3313169,-3664969
complementary_k5_n7,fresh,O-ADD-COLD,3,True,9041453,4858593,-4182860
complementary_k5_n7,fresh,O-ADD-COLD,4,True,11162647,6498804,-4663843
complementary_k5_n7,fresh,O-ADD-COLD,5,True,13279535,8049955,-5229580
complementary_k5_n7,fresh,O-ADD-COLD,6,True,15418541,9722632,-5695909
complementary_k5_n7,fresh,O-ADD-PORTFOLIO,1,True,4912984,3790540,-1122444
complementary_k5_n7,fresh,O-ADD-PORTFOLIO,2,True,6978138,5692048,-1286090
complementary_k5_n7,fresh,O-ADD-PORTFOLIO,3,True,9041453,7591717,-1449736
complementary_k5_n7,fresh,O-ADD-PORTFOLIO,4,True,11162647,9549265,-1613382
complementary_k5_n7,fresh,O-ADD-PORTFOLIO,5,True,13279535,11502507,-1777028
complementary_k5_n7,fresh,O-ADD-PORTFOLIO,6,True,15418541,13477867,-1940674
complementary_k5_n7,fresh,O-ADD-WARM,1,True,4912984,1859213,-3053771
complementary_k5_n7,fresh,O-ADD-WARM,2,True,6978138,3199600,-3778538
complementary_k5_n7,fresh,O-ADD-WARM,3,True,9041453,4710477,-4330976
complementary_k5_n7,fresh,O-ADD-WARM,4,True,11162647,6430996,-4731651
complementary_k5_n7,fresh,O-ADD-WARM,5,True,13279535,8244530,-5035005
complementary_k5_n7,fresh,O-ADD-WARM,6,True,15418541,10242633,-5175908
complementary_k5_n7,fresh,O-ADD-WARM-PRUNED,1,True,4912984,2320470,-2592514
complementary_k5_n7,fresh,O-ADD-WARM-PRUNED,2,True,6978138,4148267,-2829871
complementary_k5_n7,fresh,O-ADD-WARM-PRUNED,3,True,9041453,6152417,-2889036
complementary_k5_n7,fresh,O-ADD-WARM-PRUNED,4,True,11162647,8338086,-2824561
complementary_k5_n7,fresh,O-ADD-WARM-PRUNED,5,True,13279535,10473542,-2805993
complementary_k5_n7,fresh,O-ADD-WARM-PRUNED,6,True,15418541,12805319,-2613222
complementary_k5_n7,fresh,O-ENUM-RECEIVER,1,True,4912984,1324377,-3588607
complementary_k5_n7,fresh,O-ENUM-RECEIVER,2,True,6978138,2058854,-4919284
complementary_k5_n7,fresh,O-ENUM-RECEIVER,3,True,9041453,2733726,-6307727
complementary_k5_n7,fresh,O-ENUM-RECEIVER,4,True,11162647,3440879,-7721768
complementary_k5_n7,fresh,O-ENUM-RECEIVER,5,True,13279535,4268131,-9011404
complementary_k5_n7,fresh,O-ENUM-RECEIVER,6,True,15418541,4968625,-10449916
constant_n3,fresh,O-ADD-COLD,1,True,612999,712232,99233
constant_n3,fresh,O-ADD-COLD,2,True,772232,1010501,238269
constant_n3,fresh,O-ADD-COLD,3,True,927308,1316338,389030
constant_n3,fresh,O-ADD-COLD,4,True,1090830,1646919,556089
constant_n3,fresh,O-ADD-COLD,5,True,1260309,2006783,746474
constant_n3,fresh,O-ADD-COLD,6,True,1432339,2362872,930533
constant_n3,fresh,O-ADD-PORTFOLIO,1,True,612999,612998,-1
constant_n3,fresh,O-ADD-PORTFOLIO,2,True,772232,772242,10
constant_n3,fresh,O-ADD-PORTFOLIO,3,True,927308,927329,21
constant_n3,fresh,O-ADD-PORTFOLIO,4,True,1090830,1090862,32
constant_n3,fresh,O-ADD-PORTFOLIO,5,True,1260309,1260352,43
constant_n3,fresh,O-ADD-PORTFOLIO,6,True,1432339,1432393,54
constant_n3,fresh,O-ADD-WARM,1,True,612999,712123,99124
constant_n3,fresh,O-ADD-WARM,2,True,772232,1013526,241294
constant_n3,fresh,O-ADD-WARM,3,True,927308,1337598,410290
constant_n3,fresh,O-ADD-WARM,4,True,1090830,1723193,632363
constant_n3,fresh,O-ADD-WARM,5,True,1260309,2171237,910928
constant_n3,fresh,O-ADD-WARM,6,True,1432339,2647874,1215535
constant_n3,fresh,O-ADD-WARM-PRUNED,1,True,612999,729481,116482
constant_n3,fresh,O-ADD-WARM-PRUNED,2,True,772232,1073741,301509
constant_n3,fresh,O-ADD-WARM-PRUNED,3,True,927308,1434902,507594
constant_n3,fresh,O-ADD-WARM-PRUNED,4,True,1090830,1848971,758141
constant_n3,fresh,O-ADD-WARM-PRUNED,5,True,1260309,2322344,1062035
constant_n3,fresh,O-ADD-WARM-PRUNED,6,True,1432339,2801114,1368775
constant_n3,fresh,O-ENUM-RECEIVER,1,True,612999,543930,-69069
constant_n3,fresh,O-ENUM-RECEIVER,2,True,772232,614726,-157506
constant_n3,fresh,O-ENUM-RECEIVER,3,True,927308,683778,-243530
constant_n3,fresh,O-ENUM-RECEIVER,4,True,1090830,756553,-334277
constant_n3,fresh,O-ENUM-RECEIVER,5,True,1260309,829501,-430808
constant_n3,fresh,O-ENUM-RECEIVER,6,True,1432339,904113,-528226
parity_reassociation_n6,fresh,O-ADD-COLD,1,True,3655634,1691897,-1963737
parity_reassociation_n6,fresh,O-ADD-COLD,2,True,4867694,2913315,-1954379
parity_reassociation_n6,fresh,O-ADD-COLD,3,True,6079710,4151601,-1928109
parity_reassociation_n6,fresh,O-ADD-COLD,4,True,7302260,5377734,-1924526
parity_reassociation_n6,fresh,O-ADD-COLD,5,True,8527117,6644294,-1882823
parity_reassociation_n6,fresh,O-ADD-COLD,6,True,9760322,7937421,-1822901
parity_reassociation_n6,fresh,O-ADD-PORTFOLIO,1,True,3655634,2687354,-968280
parity_reassociation_n6,fresh,O-ADD-PORTFOLIO,2,True,4867694,3793227,-1074467
parity_reassociation_n6,fresh,O-ADD-PORTFOLIO,3,True,6079710,4899056,-1180654
parity_reassociation_n6,fresh,O-ADD-PORTFOLIO,4,True,7302260,6015419,-1286841
parity_reassociation_n6,fresh,O-ADD-PORTFOLIO,5,True,8527117,7134089,-1393028
parity_reassociation_n6,fresh,O-ADD-PORTFOLIO,6,True,9760322,8261107,-1499215
parity_reassociation_n6,fresh,O-ADD-WARM,1,True,3655634,1691902,-1963732
parity_reassociation_n6,fresh,O-ADD-WARM,2,True,4867694,2782491,-2085203
parity_reassociation_n6,fresh,O-ADD-WARM,3,True,6079710,3914836,-2164874
parity_reassociation_n6,fresh,O-ADD-WARM,4,True,7302260,5070979,-2231281
parity_reassociation_n6,fresh,O-ADD-WARM,5,True,8527117,6288517,-2238600
parity_reassociation_n6,fresh,O-ADD-WARM,6,True,9760322,7561819,-2198503
parity_reassociation_n6,fresh,O-ADD-WARM-PRUNED,1,True,3655634,2120414,-1535220
parity_reassociation_n6,fresh,O-ADD-WARM-PRUNED,2,True,4867694,3639125,-1228569
parity_reassociation_n6,fresh,O-ADD-WARM-PRUNED,3,True,6079710,5195871,-883839
parity_reassociation_n6,fresh,O-ADD-WARM-PRUNED,4,True,7302260,6751315,-550945
parity_reassociation_n6,fresh,O-ADD-WARM-PRUNED,5,True,8527117,8377297,-149820
parity_reassociation_n6,fresh,O-ADD-WARM-PRUNED,6,True,9760322,10050503,290181
parity_reassociation_n6,fresh,O-ENUM-RECEIVER,1,True,3655634,864524,-2791110
parity_reassociation_n6,fresh,O-ENUM-RECEIVER,2,True,4867694,1137224,-3730470
parity_reassociation_n6,fresh,O-ENUM-RECEIVER,3,True,6079710,1350068,-4729642
parity_reassociation_n6,fresh,O-ENUM-RECEIVER,4,True,7302260,1628575,-5673685
parity_reassociation_n6,fresh,O-ENUM-RECEIVER,5,True,8527117,1890235,-6636882
parity_reassociation_n6,fresh,O-ENUM-RECEIVER,6,True,9760322,2185205,-7575117
