stream,recipient,method,request_index,mode,packet_bytes,nodes,applies,expressions,base_nodes,base_applies,base_expressions
complementary_k3_n5,fresh,O-ADD-COLD,1,full,6706,31,79,23,0,0,0
complementary_k3_n5,fresh,O-ADD-COLD,2,full,7138,40,96,24,0,0,0
complementary_k3_n5,fresh,O-ADD-COLD,3,full,7359,45,106,24,0,0,0
complementary_k3_n5,fresh,O-ADD-COLD,4,full,7782,51,120,25,0,0,0
complementary_k3_n5,fresh,O-ADD-COLD,5,full,7640,46,114,25,0,0,0
complementary_k3_n5,fresh,O-ADD-COLD,6,full,8198,55,122,27,0,0,0
complementary_k3_n5,fresh,O-ADD-WARM,1,full,6706,31,79,23,0,0,0
complementary_k3_n5,fresh,O-ADD-WARM,2,full,7257,40,104,24,0,0,0
complementary_k3_n5,fresh,O-ADD-WARM,3,full,7862,53,132,24,0,0,0
complementary_k3_n5,fresh,O-ADD-WARM,4,full,8832,70,170,26,0,0,0
complementary_k3_n5,fresh,O-ADD-WARM,5,full,9492,81,200,27,0,0,0
complementary_k3_n5,fresh,O-ADD-WARM,6,full,10409,88,232,29,0,0,0
complementary_k3_n5,fresh,O-ADD-WARM-PRUNED,1,full,6706,31,79,23,0,0,0
complementary_k3_n5,fresh,O-ADD-WARM-PRUNED,2,full,7138,40,96,24,0,0,0
complementary_k3_n5,fresh,O-ADD-WARM-PRUNED,3,full,7359,45,106,24,0,0,0
complementary_k3_n5,fresh,O-ADD-WARM-PRUNED,4,full,7782,51,120,25,0,0,0
complementary_k3_n5,fresh,O-ADD-WARM-PRUNED,5,full,7640,46,114,25,0,0,0
complementary_k3_n5,fresh,O-ADD-WARM-PRUNED,6,full,8198,55,122,27,0,0,0
complementary_k5_n7,fresh,O-ADD-COLD,1,full,9723,53,131,33,0,0,0
complementary_k5_n7,fresh,O-ADD-COLD,2,full,10132,61,147,34,0,0,0
complementary_k5_n7,fresh,O-ADD-COLD,3,full,10639,75,166,34,0,0,0
complementary_k5_n7,fresh,O-ADD-COLD,4,full,11108,82,181,35,0,0,0
complementary_k5_n7,fresh,O-ADD-COLD,5,full,10661,68,166,35,0,0,0
complementary_k5_n7,fresh,O-ADD-COLD,6,full,11462,80,179,37,0,0,0
complementary_k5_n7,fresh,O-ADD-WARM,1,full,9723,53,131,33,0,0,0
complementary_k5_n7,fresh,O-ADD-WARM,2,full,10278,62,156,34,0,0,0
complementary_k5_n7,fresh,O-ADD-WARM,3,full,11318,85,200,35,0,0,0
complementary_k5_n7,fresh,O-ADD-WARM,4,full,12618,111,247,37,0,0,0
complementary_k5_n7,fresh,O-ADD-WARM,5,full,13425,124,281,38,0,0,0
complementary_k5_n7,fresh,O-ADD-WARM,6,full,14751,139,319,41,0,0,0
complementary_k5_n7,fresh,O-ADD-WARM-PRUNED,1,full,9723,53,131,33,0,0,0
complementary_k5_n7,fresh,O-ADD-WARM-PRUNED,2,full,10132,61,147,34,0,0,0
complementary_k5_n7,fresh,O-ADD-WARM-PRUNED,3,full,10639,75,166,34,0,0,0
complementary_k5_n7,fresh,O-ADD-WARM-PRUNED,4,full,11108,82,181,35,0,0,0
complementary_k5_n7,fresh,O-ADD-WARM-PRUNED,5,full,10661,68,166,35,0,0,0
complementary_k5_n7,fresh,O-ADD-WARM-PRUNED,6,full,11462,80,179,37,0,0,0
constant_n3,fresh,O-ADD-COLD,1,full,2913,3,4,1,0,0,0
constant_n3,fresh,O-ADD-COLD,2,full,3230,7,12,4,0,0,0
constant_n3,fresh,O-ADD-COLD,3,full,3270,9,16,3,0,0,0
constant_n3,fresh,O-ADD-COLD,4,full,3378,10,17,5,0,0,0
constant_n3,fresh,O-ADD-COLD,5,full,3525,14,24,5,0,0,0
constant_n3,fresh,O-ADD-COLD,6,full,3514,12,22,6,0,0,0
constant_n3,fresh,O-ADD-WARM,1,full,2913,3,4,1,0,0,0
constant_n3,fresh,O-ADD-WARM,2,full,3271,7,15,4,0,0,0
constant_n3,fresh,O-ADD-WARM,3,full,3447,10,26,4,0,0,0
constant_n3,fresh,O-ADD-WARM,4,full,3794,15,38,7,0,0,0
constant_n3,fresh,O-ADD-WARM,5,full,4187,21,57,8,0,0,0
constant_n3,fresh,O-ADD-WARM,6,full,4429,24,67,9,0,0,0
constant_n3,fresh,O-ADD-WARM-PRUNED,1,full,2913,3,4,1,0,0,0
constant_n3,fresh,O-ADD-WARM-PRUNED,2,full,3230,7,12,4,0,0,0
constant_n3,fresh,O-ADD-WARM-PRUNED,3,full,3270,9,16,3,0,0,0
constant_n3,fresh,O-ADD-WARM-PRUNED,4,full,3378,10,17,5,0,0,0
constant_n3,fresh,O-ADD-WARM-PRUNED,5,full,3526,14,24,5,0,0,0
constant_n3,fresh,O-ADD-WARM-PRUNED,6,full,3515,12,22,6,0,0,0
parity_reassociation_n6,fresh,O-ADD-COLD,1,full,8828,56,130,28,0,0,0
parity_reassociation_n6,fresh,O-ADD-COLD,2,full,8877,56,130,29,0,0,0
parity_reassociation_n6,fresh,O-ADD-COLD,3,full,8978,58,134,29,0,0,0
parity_reassociation_n6,fresh,O-ADD-COLD,4,full,8889,57,131,28,0,0,0
parity_reassociation_n6,fresh,O-ADD-COLD,5,full,9094,60,138,30,0,0,0
parity_reassociation_n6,fresh,O-ADD-COLD,6,full,9236,61,142,30,0,0,0
parity_reassociation_n6,fresh,O-ADD-WARM,1,full,8828,56,130,28,0,0,0
parity_reassociation_n6,fresh,O-ADD-WARM,2,full,8946,56,135,29,0,0,0
parity_reassociation_n6,fresh,O-ADD-WARM,3,full,9191,59,147,30,0,0,0
parity_reassociation_n6,fresh,O-ADD-WARM,4,full,9357,61,156,30,0,0,0
parity_reassociation_n6,fresh,O-ADD-WARM,5,full,9735,66,171,32,0,0,0
parity_reassociation_n6,fresh,O-ADD-WARM,6,full,10092,69,186,33,0,0,0
parity_reassociation_n6,fresh,O-ADD-WARM-PRUNED,1,full,8828,56,130,28,0,0,0
parity_reassociation_n6,fresh,O-ADD-WARM-PRUNED,2,full,8877,56,130,29,0,0,0
parity_reassociation_n6,fresh,O-ADD-WARM-PRUNED,3,full,8967,58,134,29,0,0,0
parity_reassociation_n6,fresh,O-ADD-WARM-PRUNED,4,full,8894,57,131,28,0,0,0
parity_reassociation_n6,fresh,O-ADD-WARM-PRUNED,5,full,9127,60,138,30,0,0,0
parity_reassociation_n6,fresh,O-ADD-WARM-PRUNED,6,full,9245,61,142,30,0,0,0
