stream,recipient,method,requests,delivered,failed,all_delivered,total_units,first_request_units,later_five_units,consumer_units,maximum_consumer_units,source_units,python_opcode_events,bounded_native_c_call_events,live_serialized_byte_periods,proof_output_bytes,final_producer_retained_bytes,final_receiver_retained_bytes
complementary_k3_n5,fresh,O-ADD-COLD,6,6,0,True,6728930,1380594,5348336,4081370,1002097,483865,5744693,110075,301147,44823,1803,5943
complementary_k3_n5,fresh,O-ADD-PORTFOLIO,6,6,0,True,10057881,2803446,7254435,6207800,1420423,483865,8707974,218951,516210,26086,19643,5943
complementary_k3_n5,fresh,O-ADD-WARM,6,6,0,True,7164128,1380599,5783529,4708852,1002097,483865,6139049,105954,334640,50558,18465,5943
complementary_k3_n5,fresh,O-ADD-WARM-PRUNED,6,6,0,True,8746864,1655380,7091484,4081348,1002100,483865,7707029,153023,313797,44823,18500,5943
complementary_k3_n5,fresh,O-ENUM-RECEIVER,6,6,0,True,1958049,736305,1221744,1781061,708664,483865,1383528,42198,58750,0,1808,5943
complementary_k3_n5,fresh,P-REUSE,6,6,0,True,8602665,2321320,6281345,5080934,1232612,483865,7491833,234316,301327,26086,12912,5943
complementary_k5_n7,fresh,O-ADD-COLD,6,6,0,True,9722632,1859208,7863424,5771380,1271481,483865,8533110,158872,415295,63725,1803,6291
complementary_k5_n7,fresh,O-ADD-PORTFOLIO,6,6,0,True,13477867,3790540,9687327,8394286,1785276,483865,11895059,288755,647732,29326,23816,6291
complementary_k5_n7,fresh,O-ADD-WARM,6,6,0,True,10242633,1859213,8383420,6660358,1299676,483865,8994101,151451,464950,72113,27204,6291
complementary_k5_n7,fresh,O-ADD-WARM-PRUNED,6,6,0,True,12805319,2320470,10484849,5771346,1271484,483865,11532047,224006,433911,63725,27239,6291
complementary_k5_n7,fresh,O-ENUM-RECEIVER,6,6,0,True,4968625,1324377,3644248,4732021,1286800,483865,4275628,153474,62926,0,1808,6291
complementary_k5_n7,fresh,P-REUSE,6,6,0,True,15418541,4912984,10505557,9425674,1957174,483865,13989149,473688,356563,29326,15640,6291
constant_n3,fresh,O-ADD-COLD,6,6,0,True,2362872,712232,1650640,1677643,637479,483865,1677137,24810,147607,19830,1795,5136
constant_n3,fresh,O-ADD-PORTFOLIO,6,6,0,True,1432393,612998,819395,1016607,557797,483865,857086,14738,73553,6679,1798,5136
constant_n3,fresh,O-ADD-WARM,6,6,0,True,2647874,712123,1935751,1905926,637479,483865,1942380,27542,160212,22041,6981,5136
constant_n3,fresh,O-ADD-WARM-PRUNED,6,6,0,True,2801114,729481,2071633,1677709,637482,483865,2100861,34430,152501,19832,7016,5136
constant_n3,fresh,O-ENUM-RECEIVER,6,6,0,True,904113,543930,360183,838487,534858,483865,381753,5417,49844,0,1800,5136
constant_n3,fresh,P-REUSE,6,6,0,True,1432339,612999,819340,1016625,557815,483865,857077,14741,73505,6679,1790,5136
parity_reassociation_n6,fresh,O-ADD-COLD,6,6,0,True,7937421,1691897,6245524,4810343,1186771,483865,6877605,118065,352616,53902,1807,5779
parity_reassociation_n6,fresh,O-ADD-PORTFOLIO,6,6,0,True,8261107,2687354,5573753,6013251,1395425,483865,7133956,129890,409258,17888,16575,5779
parity_reassociation_n6,fresh,O-ADD-WARM,6,6,0,True,7561819,1691902,5869917,5035824,1186771,483865,6502378,100614,365198,56149,17888,5779
parity_reassociation_n6,fresh,O-ADD-WARM-PRUNED,6,6,0,True,10050503,2120414,7930089,4811004,1186774,483865,8939778,163903,357615,53938,17923,5779
parity_reassociation_n6,fresh,O-ENUM-RECEIVER,6,6,0,True,2185205,864524,1320681,2034206,840527,483865,1603958,52152,56880,0,1812,5779
parity_reassociation_n6,fresh,P-REUSE,6,6,0,True,9760322,3655634,6104688,6691917,1508536,483865,8715737,273474,222007,17888,9698,5779
